测速日志 2026-09-29 01:46:04
速度阈值: 300KB/s
运行次数: 11
HTTPS验证: False

[2026-09-29 01:46:05] ✅ 通过阈值 HTTP测速: http://120.76.248.139/live/bfgd/4200000488.m3u8
   速度: 861.33KB/s | 数据量: 0.9KB | 总耗时: 0.49s | 阈值: 300KB/s
[2026-09-29 01:46:05] ✅ 通过阈值 HTTP测速: http://120.76.248.139/live/bfgd/4200000061.m3u8
   速度: 859.38KB/s | 数据量: 0.9KB | 总耗时: 0.50s | 阈值: 300KB/s
[2026-09-29 01:46:06] ✅ 通过阈值 HTTP测速: http://120.76.248.139/live/bfgd/4200000246.m3u8
   速度: 859.38KB/s | 数据量: 0.9KB | 总耗时: 0.51s | 阈值: 300KB/s
[2026-09-29 01:46:06] ✅ 通过阈值 HTTP测速: http://120.76.248.139/live/bfgd/4200000128.m3u8
   速度: 859.38KB/s | 数据量: 0.9KB | 总耗时: 0.51s | 阈值: 300KB/s
[2026-09-29 01:46:06] ✅ 通过阈值 HTTP测速: http://120.76.248.139/live/bfgd/4200000062.m3u8
   速度: 859.38KB/s | 数据量: 0.9KB | 总耗时: 0.61s | 阈值: 300KB/s
[2026-09-29 01:46:06] ✅ 通过阈值 HTTP测速: http://120.76.248.139/live/bfgd/4200000064.m3u8
   速度: 859.38KB/s | 数据量: 0.9KB | 总耗时: 0.62s | 阈值: 300KB/s
[2026-09-29 01:46:06] ✅ 通过阈值 HTTP测速: http://120.76.248.139/live/bfgd/4200000063.m3u8
   速度: 862.30KB/s | 数据量: 0.9KB | 总耗时: 0.63s | 阈值: 300KB/s
[2026-09-29 01:46:06] ✅ 通过阈值 HTTP测速: http://120.76.248.139/live/bfgd/4200000065.m3u8
   速度: 853.52KB/s | 数据量: 0.9KB | 总耗时: 0.63s | 阈值: 300KB/s
[2026-09-29 01:46:06] ✅ 通过阈值 HTTP测速: http://120.76.248.139/live/bfgd/4200000127.m3u8
   速度: 862.30KB/s | 数据量: 0.9KB | 总耗时: 0.64s | 阈值: 300KB/s
[2026-09-29 01:46:06] ✅ 通过阈值 HTTP测速: http://120.76.248.139/live/bfgd/4200000066.m3u8
   速度: 859.38KB/s | 数据量: 0.9KB | 总耗时: 0.65s | 阈值: 300KB/s
[2026-09-29 01:46:06] ✅ 通过阈值 HTTP测速: http://120.76.248.139/live/bfgd/4200000067.m3u8
   速度: 861.33KB/s | 数据量: 0.9KB | 总耗时: 0.50s | 阈值: 300KB/s
[2026-09-29 01:46:06] ✅ 通过阈值 HTTP测速: http://120.76.248.139/live/bfgd/4200000130.m3u8
   速度: 859.38KB/s | 数据量: 0.9KB | 总耗时: 0.63s | 阈值: 300KB/s
[2026-09-29 01:46:06] ✅ 通过阈值 HTTP测速: http://120.76.248.139/live/bfgd/4200000129.m3u8
   速度: 859.38KB/s | 数据量: 0.9KB | 总耗时: 0.65s | 阈值: 300KB/s
[2026-09-29 01:46:06] ✅ 通过阈值 HTTP测速: http://120.76.248.139/live/bfgd/4200000131.m3u8
   速度: 859.38KB/s | 数据量: 0.9KB | 总耗时: 0.65s | 阈值: 300KB/s
[2026-09-29 01:46:06] ✅ 通过阈值 HTTP测速: http://120.76.248.139/live/bfgd/4200000204.m3u8
   速度: 859.38KB/s | 数据量: 0.9KB | 总耗时: 0.61s | 阈值: 300KB/s
[2026-09-29 01:46:06] ✅ 通过阈值 HTTP测速: http://120.76.248.139/live/bfgd/4200000133.m3u8
   速度: 859.38KB/s | 数据量: 0.9KB | 总耗时: 0.61s | 阈值: 300KB/s
[2026-09-29 01:46:06] ✅ 通过阈值 HTTP测速: http://120.76.248.139/live/bfgd/4200000492.m3u8
   速度: 862.30KB/s | 数据量: 0.9KB | 总耗时: 0.60s | 阈值: 300KB/s
[2026-09-29 01:46:06] ✅ 通过阈值 HTTP测速: http://120.76.248.139/live/bfgd/4200000132.m3u8
   速度: 859.38KB/s | 数据量: 0.9KB | 总耗时: 0.64s | 阈值: 300KB/s
[2026-09-29 01:46:06] ✅ 通过阈值 HTTP测速: http://120.76.248.139/live/bfgd/4200000083.m3u8
   速度: 862.30KB/s | 数据量: 0.9KB | 总耗时: 0.63s | 阈值: 300KB/s
[2026-09-29 01:46:06] ✅ 通过阈值 HTTP测速: http://120.76.248.139/live/bfgd/4200000135.m3u8
   速度: 859.38KB/s | 数据量: 0.9KB | 总耗时: 0.66s | 阈值: 300KB/s
[2026-09-29 01:46:07] ✅ 通过阈值 HTTP测速: http://120.76.248.139/live/bfgd/4200000086.m3u8
   速度: 859.38KB/s | 数据量: 0.9KB | 总耗时: 0.51s | 阈值: 300KB/s
[2026-09-29 01:46:07] ✅ 通过阈值 HTTP测速: http://120.76.248.139/live/bfgd/4200000093.m3u8
   速度: 862.30KB/s | 数据量: 0.9KB | 总耗时: 0.49s | 阈值: 300KB/s
[2026-09-29 01:46:07] ✅ 通过阈值 HTTP测速: http://120.76.248.139/live/bfgd/4200000096.m3u8
   速度: 862.30KB/s | 数据量: 0.9KB | 总耗时: 0.50s | 阈值: 300KB/s
[2026-09-29 01:46:07] ✅ 通过阈值 HTTP测速: http://120.76.248.139/live/bfgd/4200000483.m3u8
   速度: 862.30KB/s | 数据量: 0.9KB | 总耗时: 0.50s | 阈值: 300KB/s
[2026-09-29 01:46:07] ✅ 通过阈值 HTTP测速: http://120.76.248.139/live/bfgd/4200000094.m3u8
   速度: 859.38KB/s | 数据量: 0.9KB | 总耗时: 0.63s | 阈值: 300KB/s
[2026-09-29 01:46:07] ✅ 通过阈值 HTTP测速: http://120.76.248.139/live/bfgd/4200000103.m3u8
   速度: 856.45KB/s | 数据量: 0.9KB | 总耗时: 0.51s | 阈值: 300KB/s
[2026-09-29 01:46:07] ✅ 通过阈值 HTTP测速: http://120.76.248.139/live/bfgd/4200000092.m3u8
   速度: 862.30KB/s | 数据量: 0.9KB | 总耗时: 0.51s | 阈值: 300KB/s
[2026-09-29 01:46:07] ✅ 通过阈值 HTTP测速: http://120.76.248.139/live/bfgd/4200000085.m3u8
   速度: 862.30KB/s | 数据量: 0.9KB | 总耗时: 0.63s | 阈值: 300KB/s
[2026-09-29 01:46:07] ✅ 通过阈值 HTTP测速: http://120.76.248.139/live/bfgd/4200000107.m3u8
   速度: 859.38KB/s | 数据量: 0.9KB | 总耗时: 0.62s | 阈值: 300KB/s
[2026-09-29 01:46:07] ✅ 通过阈值 HTTP测速: http://120.76.248.139/live/bfgd/4200000100.m3u8
   速度: 862.30KB/s | 数据量: 0.9KB | 总耗时: 0.65s | 阈值: 300KB/s
[2026-09-29 01:46:07] ✅ 通过阈值 HTTP测速: http://120.76.248.139/live/bfgd/4200000119.m3u8
   速度: 862.30KB/s | 数据量: 0.9KB | 总耗时: 0.52s | 阈值: 300KB/s
[2026-09-29 01:46:07] ✅ 通过阈值 HTTP测速: http://120.76.248.139/live/bfgd/4200000116.m3u8
   速度: 862.30KB/s | 数据量: 0.9KB | 总耗时: 0.62s | 阈值: 300KB/s
[2026-09-29 01:46:07] ✅ 通过阈值 HTTP测速: http://120.76.248.139/live/bfgd/4200000108.m3u8
   速度: 853.52KB/s | 数据量: 0.9KB | 总耗时: 0.52s | 阈值: 300KB/s
[2026-09-29 01:46:07] ✅ 通过阈值 HTTP测速: http://120.76.248.139/live/bfgd/4200000339.m3u8
   速度: 853.52KB/s | 数据量: 0.9KB | 总耗时: 0.52s | 阈值: 300KB/s
[2026-09-29 01:46:07] ✅ 通过阈值 HTTP测速: http://120.76.248.139/live/bfgd/4200000102.m3u8
   速度: 859.38KB/s | 数据量: 0.9KB | 总耗时: 0.50s | 阈值: 300KB/s
[2026-09-29 01:46:07] ✅ 通过阈值 HTTP测速: http://120.76.248.139/live/bfgd/4200000095.m3u8
   速度: 859.38KB/s | 数据量: 0.9KB | 总耗时: 0.54s | 阈值: 300KB/s
[2026-09-29 01:46:07] ✅ 通过阈值 HTTP测速: http://120.76.248.139/live/bfgd/4200000101.m3u8
   速度: 853.52KB/s | 数据量: 0.9KB | 总耗时: 0.65s | 阈值: 300KB/s
[2026-09-29 01:46:07] ✅ 通过阈值 HTTP测速: http://120.76.248.139/live/bfgd/4200000098.m3u8
   速度: 853.52KB/s | 数据量: 0.9KB | 总耗时: 0.67s | 阈值: 300KB/s
[2026-09-29 01:46:08] ✅ 通过阈值 HTTP测速: http://120.76.248.139/live/bfgd/4200000097.m3u8
   速度: 853.52KB/s | 数据量: 0.9KB | 总耗时: 0.65s | 阈值: 300KB/s
[2026-09-29 01:46:08] ✅ 通过阈值 HTTP测速: http://120.76.248.139/live/bfgd/4200000110.m3u8
   速度: 859.38KB/s | 数据量: 0.9KB | 总耗时: 0.63s | 阈值: 300KB/s
[2026-09-29 01:46:08] ✅ 通过阈值 HTTP测速: http://120.76.248.139/live/bfgd/4200000141.m3u8
   速度: 859.38KB/s | 数据量: 0.9KB | 总耗时: 0.61s | 阈值: 300KB/s
[2026-09-29 01:46:08] ✅ 通过阈值 HTTP测速: http://120.76.248.139/live/bfgd/4200000185.m3u8
   速度: 862.30KB/s | 数据量: 0.9KB | 总耗时: 0.62s | 阈值: 300KB/s
[2026-09-29 01:46:08] ✅ 通过阈值 HTTP测速: http://120.76.248.139/live/bfgd/4200000118.m3u8
   速度: 859.38KB/s | 数据量: 0.9KB | 总耗时: 0.51s | 阈值: 300KB/s
[2026-09-29 01:46:08] ✅ 通过阈值 HTTP测速: http://120.76.248.139/live/bfgd/4200000058.m3u8
   速度: 861.33KB/s | 数据量: 0.9KB | 总耗时: 0.52s | 阈值: 300KB/s
[2026-09-29 01:46:08] ✅ 通过阈值 HTTP测速: http://120.76.248.139/live/bfgd/4200000099.m3u8
   速度: 862.30KB/s | 数据量: 0.9KB | 总耗时: 0.51s | 阈值: 300KB/s
[2026-09-29 01:46:08] ✅ 通过阈值 HTTP测速: http://120.76.248.139/live/bfgd/4200000111.m3u8
   速度: 862.30KB/s | 数据量: 0.9KB | 总耗时: 0.51s | 阈值: 300KB/s
[2026-09-29 01:46:08] ✅ 通过阈值 HTTP测速: http://120.76.248.139/live/bfgd/4200000473.m3u8
   速度: 862.30KB/s | 数据量: 0.9KB | 总耗时: 0.51s | 阈值: 300KB/s
[2026-09-29 01:46:08] 🚫 未达阈值 HTTP测速: http://74.91.26.218:82/live/cctv1hd.m3u8
   速度: 205.08KB/s | 数据量: 0.2KB | 总耗时: 0.14s | 阈值: 300KB/s
[2026-09-29 01:46:08] 🚫 未达阈值 HTTP测速: http://74.91.26.218:82/live/cctv12hd.m3u8
   速度: 208.01KB/s | 数据量: 0.2KB | 总耗时: 0.14s | 阈值: 300KB/s
[2026-09-29 01:46:08] ✅ 通过阈值 HTTP测速: http://120.76.248.139/live/bfgd/4200000150.m3u8
   速度: 859.38KB/s | 数据量: 0.9KB | 总耗时: 0.64s | 阈值: 300KB/s
[2026-09-29 01:46:08] ✅ 通过阈值 HTTP测速: http://120.76.248.139/live/bfgd/4200000482.m3u8
   速度: 862.30KB/s | 数据量: 0.9KB | 总耗时: 0.63s | 阈值: 300KB/s
[2026-09-29 01:46:08] ✅ 通过阈值 HTTP测速: http://120.76.248.139/live/bfgd/4200000489.m3u8
   速度: 862.30KB/s | 数据量: 0.9KB | 总耗时: 0.62s | 阈值: 300KB/s
[2026-09-29 01:46:08] ✅ 通过阈值 HTTP测速: http://120.76.248.139/live/bfgd/4200000121.m3u8
   速度: 862.30KB/s | 数据量: 0.9KB | 总耗时: 0.50s | 阈值: 300KB/s
[2026-09-29 01:46:08] ✅ 通过阈值 HTTP测速: http://120.76.248.139/live/bfgd/4200000122.m3u8
   速度: 862.30KB/s | 数据量: 0.9KB | 总耗时: 0.63s | 阈值: 300KB/s
[2026-09-29 01:46:09] ✅ HTTPS测速成功: https://0472.org/hls/cgtne.m3u8
   速度: 182.62KB/s | 数据量: 0.2KB | 总耗时: 0.16s | 证书: 有效
[2026-09-29 01:46:09] ✅ HTTPS测速成功: https://0472.org/hls/cgtnf.m3u8
   速度: 183.59KB/s | 数据量: 0.2KB | 总耗时: 0.16s | 证书: 有效
[2026-09-29 01:46:09] ✅ HTTPS测速成功: https://0472.org/hls/cgtnd.m3u8
   速度: 125.98KB/s | 数据量: 0.1KB | 总耗时: 0.26s | 证书: 有效
[2026-09-29 01:46:09] ✅ HTTPS测速成功: https://live-play-hls.cctvnews.cctv.com/CCTVChannel/channel_cctv4k_mbd.m3u8?auth_key=1790643600-1-b59134a2ead43d7f783f943c8f535e7bb80c5169575b2e8efcd5b3ddea21b41c-b6e95541942509acfd049bca4962fbd6&yid=b59134a2ead43d7f783f943c8f535e7bb80c5169575b2e8efcd5b3ddea21b41c
   速度: 1047.85KB/s | 数据量: 1.0KB | 总耗时: 0.65s | 证书: 有效
[2026-09-29 01:46:09] ✅ HTTPS测速成功: https://live-play-hls.cctvnews.cctv.com/CCTVChannel/channel_cctv4_mbd.m3u8?auth_key=1790643600-1-b59134a2ead43d7f783f943c8f535e7bb80c5169575b2e8efcd5b3ddea21b41c-d39a9ab3771554a4f4a7d6bf86ef669a&yid=b59134a2ead43d7f783f943c8f535e7bb80c5169575b2e8efcd5b3ddea21b41c
   速度: 1042.97KB/s | 数据量: 1.0KB | 总耗时: 0.67s | 证书: 有效
[2026-09-29 01:46:09] ✅ 通过阈值 HTTP测速: http://espanol-liveali.cgtn.com/hls/LSveOGBaBw41Ea7ukkVAUdKQ220802LSTexu6xAuFH8VZNBLE1ZNEa220802cd.m3u8
   速度: 428.71KB/s | 数据量: 0.4KB | 总耗时: 0.79s | 阈值: 300KB/s
[2026-09-29 01:46:09] ✅ 通过阈值 HTTP测速: http://english-livetx.cgtn.com/hls/yypdyyctzb_hd.m3u8
   速度: 402.34KB/s | 数据量: 0.4KB | 总耗时: 0.84s | 阈值: 300KB/s
[2026-09-29 01:46:10] ✅ HTTPS测速成功: https://live.264788.xyz/channel/bingqikeji?streamid=530cb4e58bbc48b7fc26f5e0a2e47966&livekey=01WgOR41rriMmMkzNsd0UoaxJRwetZdxIvtVk
   速度: 80309.03KB/s | 数据量: 7188.8KB | 总耗时: 0.71s | 证书: 有效
[2026-09-29 01:46:10] ✅ HTTPS测速成功: https://live.264788.xyz/channel/diyijuchang?streamid=e9b0fb1ca135a4aeae12944494883794&livekey=01WgOR41rriMmMkzNsd0UoaxJRwetZdxIvtVk
   速度: 90960.45KB/s | 数据量: 7188.8KB | 总耗时: 0.95s | 证书: 有效
[2026-09-29 01:46:10] ✅ HTTPS测速成功: https://live.264788.xyz/channel/yangshiwenhuajingpin?streamid=bc185d1ef1e528922e83efd845006277&livekey=01WgOR41rriMmMkzNsd0UoaxJRwetZdxIvtVk
   速度: 82600.59KB/s | 数据量: 7188.8KB | 总耗时: 0.96s | 证书: 有效
[2026-09-29 01:46:10] ✅ HTTPS测速成功: https://live.264788.xyz/channel/huaijiujuchang?streamid=7e5d1abdddde08f588234f3f640f75ff&livekey=01WgOR41rriMmMkzNsd0UoaxJRwetZdxIvtVk
   速度: 59956.18KB/s | 数据量: 7188.8KB | 总耗时: 1.00s | 证书: 有效
[2026-09-29 01:46:10] ✅ HTTPS测速成功: https://english-livetx.cgtn.com/hls/yypdjlctzb_hd.m3u8
   速度: 402.34KB/s | 数据量: 0.4KB | 总耗时: 0.59s | 证书: 有效
[2026-09-29 01:46:10] ✅ HTTPS测速成功: https://live.264788.xyz/channel/fengyunjuchang?streamid=31e7b5b7032d25dd215a4069cdee1a48&livekey=01WgOR41rriMmMkzNsd0UoaxJRwetZdxIvtVk
   速度: 96233.34KB/s | 数据量: 7188.8KB | 总耗时: 0.25s | 证书: 有效
[2026-09-29 01:46:10] ✅ HTTPS测速成功: https://live.264788.xyz/channel/ningxiaweishi?streamid=e1236348f815c36a0429357e5b5c5f10&livekey=01WgOR41rriMmMkzNsd0UoaxJRwetZdxIvtVk
   速度: 87588.85KB/s | 数据量: 7188.8KB | 总耗时: 0.28s | 证书: 有效
[2026-09-29 01:46:10] 🚫 未达阈值 HTTP测速: http://61.216.67.119:1935/bltvhd/bltv1/chunklist_w1266569526.m3u
   速度: 3.19KB/s | 数据量: 0.6KB | 总耗时: 0.57s | 阈值: 300KB/s
[2026-09-29 01:46:10] ✅ 通过阈值 HTTP测速: http://119.39.9.8:9901/tsfile/live/0118_1.m3u8
   速度: 2029.30KB/s | 数据量: 2.0KB | 总耗时: 0.51s | 阈值: 300KB/s
[2026-09-29 01:46:10] ✅ 通过阈值 HTTP测速: http://120.76.248.139/live/bfgd/4200000117.m3u8
   速度: 859.38KB/s | 数据量: 0.9KB | 总耗时: 0.53s | 阈值: 300KB/s
[2026-09-29 01:46:11] ✅ HTTPS测速成功: https://gcwbndali.v.myalicdn.com/gcwbnd/ipanda1000_2/index.m3u8
   速度: 382.81KB/s | 数据量: 0.4KB | 总耗时: 0.92s | 证书: 有效
[2026-09-29 01:46:11] ✅ 通过阈值 HTTP测速: http://218.84.12.186:8001/hls/main/playlist.m3u8?zxinjd;http://218.84.12.186:8001/hls/main/playlist.m3u8zxinjd
   速度: 325.20KB/s | 数据量: 0.3KB | 总耗时: 0.61s | 阈值: 300KB/s
[2026-09-29 01:46:11] 🚫 未达阈值 HTTP测速: http://38.64.72.148:80/hls/modn/list/4007/playlist.m3u8
   速度: 227.54KB/s | 数据量: 0.2KB | 总耗时: 0.12s | 阈值: 300KB/s
[2026-09-29 01:46:11] 🚫 未达阈值 HTTP测速: http://38.64.72.148:80/hls/modn/list/4009/playlist.m3u8
   速度: 227.54KB/s | 数据量: 0.2KB | 总耗时: 0.12s | 阈值: 300KB/s
[2026-09-29 01:46:11] 🚫 未达阈值 HTTP测速: http://8.138.7.223/tv/hxws.m3u8
   速度: 118.16KB/s | 数据量: 0.1KB | 总耗时: 0.51s | 阈值: 300KB/s
[2026-09-29 01:46:11] ✅ HTTPS测速成功: https://v4-702cae17a28d6e4f0c0002bba021d934.livehwc4.com/play.kankanlive.com/live/1698423397390920.m3u8?sub_m3u8=true&edge_slice=true&user_session_id=5640b3bbbbc60f0636c971e1a24dc2f4
   速度: 318.36KB/s | 数据量: 0.3KB | 总耗时: 1.83s | 证书: 有效
[2026-09-29 01:46:11] ✅ HTTPS测速成功: https://live.264788.xyz/channel/shaanxiweishi?streamid=9dc887dba8ecb4e4143baf4f2373800c&livekey=01WgOR41rriMmMkzNsd0UoaxJRwetZdxIvtVk
   速度: 103526.62KB/s | 数据量: 7188.8KB | 总耗时: 0.22s | 证书: 有效
[2026-09-29 01:46:11] 🚫 未达阈值 HTTP测速: http://8.138.7.223/tv/shtv.php?id=xjs
   速度: 14.65KB/s | 数据量: 0.0KB | 总耗时: 0.52s | 阈值: 300KB/s
[2026-09-29 01:46:12] 🚫 未达阈值 HTTP测速: http://ali-m-l.cztv.com/channels/lantian/channel001/1080p.m3u8
   速度: 291.99KB/s | 数据量: 0.3KB | 总耗时: 1.33s | 阈值: 300KB/s
[2026-09-29 01:46:12] ✅ HTTPS测速成功: https://liveout.xntv.tv/a65jur/96iln2.m3u8
   速度: 264.65KB/s | 数据量: 0.3KB | 总耗时: 1.13s | 证书: 有效
[2026-09-29 01:46:12] ✅ HTTPS测速成功: https://piccpndks.v.kcdnvip.com/audio/sichuan_2/index.m3u8
   速度: 403.32KB/s | 数据量: 0.4KB | 总耗时: 0.85s | 证书: 有效
[2026-09-29 01:46:12] ✅ 通过阈值 HTTP测速: http://120.76.248.139/live/bfgd/4200000113.m3u8
   速度: 856.45KB/s | 数据量: 0.9KB | 总耗时: 0.50s | 阈值: 300KB/s
[2026-09-29 01:46:12] ✅ HTTPS测速成功: https://hls-qhmh.lanzhousobey.cn/qhmh/mhds.m3u8
   速度: 299.80KB/s | 数据量: 0.3KB | 总耗时: 0.85s | 证书: 有效
[2026-09-29 01:46:12] 🚫 未达阈值 HTTP测速: http://8.138.7.223/tv/jsws4k.php
   速度: 294.92KB/s | 数据量: 0.3KB | 总耗时: 2.38s | 阈值: 300KB/s
[2026-09-29 01:46:13] ✅ HTTPS测速成功: https://test1.live.sdetv.com.cn/live/dianshizhibo/playlist.m3u8
   速度: 207.03KB/s | 数据量: 0.2KB | 总耗时: 1.29s | 证书: 有效
[2026-09-29 01:46:13] ✅ HTTPS测速成功: https://gcalic.v.myalicdn.com/gc/pts01_1/index.m3u8
   速度: 320.31KB/s | 数据量: 0.3KB | 总耗时: 1.18s | 证书: 有效
[2026-09-29 01:46:13] 🚫 未达阈值 HTTP测速: http://satellitepull.cnr.cn/live/wx32dycjgb/playlist.m3u8
   速度: 259.77KB/s | 数据量: 0.3KB | 总耗时: 2.00s | 阈值: 300KB/s
[2026-09-29 01:46:13] ✅ HTTPS测速成功: https://satellitepull.cnr.cn/live/wxcqxwgb/playlist.m3u8
   速度: 312.50KB/s | 数据量: 0.3KB | 总耗时: 1.31s | 证书: 有效
[2026-09-29 01:46:14] ✅ HTTPS测速成功: https://gcalic.v.myalicdn.com/gc/ljgcdyhxgjt_1/index.m3u8
   速度: 343.75KB/s | 数据量: 0.3KB | 总耗时: 0.91s | 证书: 有效
[2026-09-29 01:46:14] ✅ HTTPS测速成功: https://gcalic.v.myalicdn.com/gc/ljgcwglytylxs_1/index.m3u8
   速度: 353.52KB/s | 数据量: 0.4KB | 总耗时: 0.94s | 证书: 有效
[2026-09-29 01:46:14] ✅ HTTPS测速成功: https://gcalic.v.myalicdn.com/gc/hkylxs01_1/index.m3u8
   速度: 329.10KB/s | 数据量: 0.3KB | 总耗时: 1.02s | 证书: 有效
[2026-09-29 01:46:14] ✅ HTTPS测速成功: https://gcalic.v.myalicdn.com/gc/ylxs11_1/index.m3u8
   速度: 319.34KB/s | 数据量: 0.3KB | 总耗时: 1.04s | 证书: 有效
[2026-09-29 01:46:15] ✅ HTTPS测速成功: https://gcalic.v.myalicdn.com/gc/hkylxs06_1/index.m3u8
   速度: 329.10KB/s | 数据量: 0.3KB | 总耗时: 0.94s | 证书: 有效
[2026-09-29 01:46:15] ✅ HTTPS测速成功: https://gcalic.v.myalicdn.com/gc/ylxs12_1/index.m3u8
   速度: 319.34KB/s | 数据量: 0.3KB | 总耗时: 1.01s | 证书: 有效
[2026-09-29 01:46:15] ✅ HTTPS测速成功: https://gcalic.v.myalicdn.com/gc/ljgcdsc_1/index.m3u8
   速度: 330.08KB/s | 数据量: 0.3KB | 总耗时: 2.02s | 证书: 有效
[2026-09-29 01:46:15] ✅ HTTPS测速成功: https://raw.githubusercontent.com/ChiSheng9/iptv/master/TV03.m3u8
   速度: 62.50KB/s | 数据量: 0.1KB | 总耗时: 0.12s | 证书: 有效
[2026-09-29 01:46:15] ✅ HTTPS测速成功: https://gcalic.v.myalicdn.com/gc/dlst03_1/index.m3u8
   速度: 319.34KB/s | 数据量: 0.3KB | 总耗时: 0.91s | 证书: 有效
[2026-09-29 01:46:15] ✅ HTTPS测速成功: https://gcalic.v.myalicdn.com/gc/hkylxs05_1/index.m3u8
   速度: 329.10KB/s | 数据量: 0.3KB | 总耗时: 1.08s | 证书: 有效
[2026-09-29 01:46:15] ✅ HTTPS测速成功: https://gcalic.v.myalicdn.com/gc/dlst01_1/index.m3u8
   速度: 319.34KB/s | 数据量: 0.3KB | 总耗时: 1.06s | 证书: 有效
[2026-09-29 01:46:16] ✅ HTTPS测速成功: https://gcalic.v.myalicdn.com/gc/hkylxs03_1/index.m3u8
   速度: 329.10KB/s | 数据量: 0.3KB | 总耗时: 1.13s | 证书: 有效
[2026-09-29 01:46:16] ✅ HTTPS测速成功: https://gcalic.v.myalicdn.com/gc/ylh04_1/index.m3u8
   速度: 314.45KB/s | 数据量: 0.3KB | 总耗时: 0.90s | 证书: 有效
[2026-09-29 01:46:16] ✅ 通过阈值 HTTP测速: http://stream5.jlntv.cn/df/sd/live.m3u8?zjild
   速度: 463.87KB/s | 数据量: 0.5KB | 总耗时: 1.02s | 阈值: 300KB/s
[2026-09-29 01:46:16] ✅ HTTPS测速成功: https://satellitepull.cnr.cn/live/wxbjxwgb/playlist.m3u8
   速度: 312.50KB/s | 数据量: 0.3KB | 总耗时: 1.06s | 证书: 有效
[2026-09-29 01:46:16] ✅ HTTPS测速成功: https://gcalic.v.myalicdn.com/gc/ljgcszsnkgc_1/index.m3u8
   速度: 343.75KB/s | 数据量: 0.3KB | 总耗时: 1.06s | 证书: 有效
[2026-09-29 01:46:16] ✅ 通过阈值 HTTP测速: http://stream5.jlntv.cn/sl/sd/live.m3u8?zjild
   速度: 478.52KB/s | 数据量: 0.5KB | 总耗时: 0.74s | 阈值: 300KB/s
[2026-09-29 01:46:16] 🚫 未达阈值 HTTP测速: http://stream3.jlntv.cn:80/aac_dfgb/playlist.m3u8
   速度: 90.82KB/s | 数据量: 0.1KB | 总耗时: 1.15s | 阈值: 300KB/s
[2026-09-29 01:46:16] ✅ 通过阈值 HTTP测速: http://stream10.jlntv.cn/jiutaitv/sd/live.m3u8?zjild
   速度: 375.00KB/s | 数据量: 0.4KB | 总耗时: 1.28s | 阈值: 300KB/s
[2026-09-29 01:46:17] 🚫 未达阈值 HTTP测速: http://stream3.jlntv.cn:80/aac_slgb/playlist.m3u8
   速度: 90.82KB/s | 数据量: 0.1KB | 总耗时: 0.80s | 阈值: 300KB/s
[2026-09-29 01:46:17] 🚫 未达阈值 HTTP测速: http://stream5.jlntv.cn/wq/playlist.m3u8
   速度: 91.80KB/s | 数据量: 0.1KB | 总耗时: 0.87s | 阈值: 300KB/s
[2026-09-29 01:46:17] ✅ 通过阈值 HTTP测速: http://stream11.jlntv.cn/dehuitv/sd/live.m3u8
   速度: 370.12KB/s | 数据量: 0.4KB | 总耗时: 1.10s | 阈值: 300KB/s
[2026-09-29 01:46:17] ✅ 通过阈值 HTTP测速: http://stream5.jlntv.cn/lh/sd/live.m3u8?zjild
   速度: 463.87KB/s | 数据量: 0.5KB | 总耗时: 0.70s | 阈值: 300KB/s
[2026-09-29 01:46:17] ✅ 通过阈值 HTTP测速: http://stream3.jlntv.cn:80/aac_lhgb/sd/live.m3u8
   速度: 497.07KB/s | 数据量: 0.5KB | 总耗时: 0.73s | 阈值: 300KB/s
[2026-09-29 01:46:17] 🚫 未达阈值 HTTP测速: http://stream8.jlntv.cn/dhtv/playlist.m3u8?zjild
   速度: 91.80KB/s | 数据量: 0.1KB | 总耗时: 0.92s | 阈值: 300KB/s
[2026-09-29 01:46:17] ✅ 通过阈值 HTTP测速: http://stream10.jlntv.cn/huadian/sd/live.m3u8?zjild
   速度: 370.12KB/s | 数据量: 0.4KB | 总耗时: 0.76s | 阈值: 300KB/s
[2026-09-29 01:46:17] ✅ HTTPS测速成功: https://zb-live.ynurl.com/yimen/3b75a2f9-7941-46b7-992d-a9796fbca5fe.m3u8
   速度: 379.88KB/s | 数据量: 0.4KB | 总耗时: 1.42s | 证书: 有效
[2026-09-29 01:46:17] ✅ HTTPS测速成功: https://v3.mediacast.hk/webcast/bshdlive-pc/chunklist_w99771165.m3u8
   速度: 208.01KB/s | 数据量: 0.2KB | 总耗时: 1.34s | 证书: 有效
[2026-09-29 01:46:17] 🚫 未达阈值 HTTP测速: http://stream3.jlntv.cn:80/aac_mhkgb/playlist.m3u8
   速度: 90.82KB/s | 数据量: 0.1KB | 总耗时: 0.79s | 阈值: 300KB/s
[2026-09-29 01:46:18] ✅ 通过阈值 HTTP测速: http://stream5.jlntv.cn/wq/sd/live.m3u8?zjild
   速度: 478.52KB/s | 数据量: 0.5KB | 总耗时: 0.76s | 阈值: 300KB/s
[2026-09-29 01:46:18] ✅ 通过阈值 HTTP测速: http://stream8.jlntv.cn/hctv/sd/live.m3u8?zjild
   速度: 472.66KB/s | 数据量: 0.5KB | 总耗时: 0.77s | 阈值: 300KB/s
[2026-09-29 01:46:18] 🚫 未达阈值 HTTP测速: http://stream8.jlntv.cn/baishan2/playlist.m3u8?zjild
   速度: 90.82KB/s | 数据量: 0.1KB | 总耗时: 0.77s | 阈值: 300KB/s
[2026-09-29 01:46:18] ✅ 通过阈值 HTTP测速: http://stream5.jlntv.cn/ps/sd/live.m3u8?zjild
   速度: 463.87KB/s | 数据量: 0.5KB | 总耗时: 0.74s | 阈值: 300KB/s
[2026-09-29 01:46:18] ✅ 通过阈值 HTTP测速: http://stream3.jlntv.cn:80/aac_psgb/sd/live.m3u8
   速度: 497.07KB/s | 数据量: 0.5KB | 总耗时: 0.81s | 阈值: 300KB/s
[2026-09-29 01:46:19] 🚫 未达阈值 HTTP测速: http://stream9.jlntv.cn:80/aac_huadiangb/playlist.m3u8
   速度: 89.84KB/s | 数据量: 0.1KB | 总耗时: 2.07s | 阈值: 300KB/s
[2026-09-29 01:46:19] 🚫 未达阈值 HTTP测速: http://stream9.jlntv.cn:80/aac_jygb/playlist.m3u8
   速度: 89.84KB/s | 数据量: 0.1KB | 总耗时: 0.55s | 阈值: 300KB/s
[2026-09-29 01:46:19] ✅ 通过阈值 HTTP测速: http://stream8.jlntv.cn/cbstv/sd/live.m3u8?zjild
   速度: 492.19KB/s | 数据量: 0.5KB | 总耗时: 1.51s | 阈值: 300KB/s
[2026-09-29 01:46:19] ✅ 通过阈值 HTTP测速: http://stream8.jlntv.cn/shulan/sd/live.m3u8?zjild
   速度: 482.42KB/s | 数据量: 0.5KB | 总耗时: 1.95s | 阈值: 300KB/s
[2026-09-29 01:46:19] ✅ 通过阈值 HTTP测速: http://stream8.jlntv.cn/ljtv/sd/live.m3u8?zjild
   速度: 472.66KB/s | 数据量: 0.5KB | 总耗时: 0.64s | 阈值: 300KB/s
[2026-09-29 01:46:19] ✅ 通过阈值 HTTP测速: http://stream8.jlntv.cn/jytv/sd/live.m3u8?zjild
   速度: 472.66KB/s | 数据量: 0.5KB | 总耗时: 1.42s | 阈值: 300KB/s
[2026-09-29 01:46:19] 🚫 未达阈值 HTTP测速: http://stream3.jlntv.cn:80/aac_thxgb/playlist.m3u8
   速度: 89.84KB/s | 数据量: 0.1KB | 总耗时: 1.61s | 阈值: 300KB/s
[2026-09-29 01:46:19] 🚫 未达阈值 HTTP测速: http://hplayer1.juyun.tv:80/camera/11344136.m3u8
   速度: 238.28KB/s | 数据量: 0.2KB | 总耗时: 1.60s | 阈值: 300KB/s
[2026-09-29 01:46:19] ✅ 通过阈值 HTTP测速: http://stream5.jlntv.cn/thx/sd/live.m3u8?zjild
   速度: 483.40KB/s | 数据量: 0.5KB | 总耗时: 1.96s | 阈值: 300KB/s
[2026-09-29 01:46:19] ✅ 通过阈值 HTTP测速: http://stream5.jlntv.cn/hn/sd/live.m3u8?zjild
   速度: 463.87KB/s | 数据量: 0.5KB | 总耗时: 1.99s | 阈值: 300KB/s
[2026-09-29 01:46:20] 🚫 未达阈值 HTTP测速: http://8.138.7.223/tv/1905.php?id=LIVE3YPYZ30E7V1R0
   速度: 144.14KB/s | 数据量: 1024.0KB | 总耗时: 11.96s | 阈值: 300KB/s
[2026-09-29 01:46:20] ✅ HTTPS测速成功: https://satellitepull.cnr.cn/live/wxjlxcgb/playlist.m3u8
   速度: 312.50KB/s | 数据量: 0.3KB | 总耗时: 1.04s | 证书: 有效
[2026-09-29 01:46:21] 🚫 未达阈值 HTTP测速: http://stream9.jlntv.cn:80/aac_longjinggb/playlist.m3u8
   速度: 90.82KB/s | 数据量: 0.1KB | 总耗时: 1.88s | 阈值: 300KB/s
[2026-09-29 01:46:21] ✅ HTTPS测速成功: https://gcalic.v.myalicdn.com/gc/sgns02_1/index.m3u8
   速度: 319.34KB/s | 数据量: 0.3KB | 总耗时: 1.05s | 证书: 有效
[2026-09-29 01:46:21] ✅ HTTPS测速成功: https://gcalic.v.myalicdn.com/gc/emsarm_1/index.m3u8
   速度: 325.20KB/s | 数据量: 0.3KB | 总耗时: 1.05s | 证书: 有效
[2026-09-29 01:46:21] ✅ HTTPS测速成功: https://gcalic.v.myalicdn.com/gc/emspxps_1/index.m3u8
   速度: 330.08KB/s | 数据量: 0.3KB | 总耗时: 1.04s | 证书: 有效
[2026-09-29 01:46:21] ✅ HTTPS测速成功: https://gcalic.v.myalicdn.com/gc/lsdfgfl_1/index.m3u8
   速度: 324.22KB/s | 数据量: 0.3KB | 总耗时: 1.14s | 证书: 有效
[2026-09-29 01:46:21] ✅ HTTPS测速成功: https://gcalic.v.myalicdn.com/gc/emswfs_1/index.m3u8
   速度: 331.05KB/s | 数据量: 0.3KB | 总耗时: 0.93s | 证书: 有效
[2026-09-29 01:46:21] ✅ HTTPS测速成功: https://gcalic.v.myalicdn.com/gc/emsyh_1/index.m3u8
   速度: 320.31KB/s | 数据量: 0.3KB | 总耗时: 0.80s | 证书: 有效
[2026-09-29 01:46:21] 🚫 未达阈值 HTTP测速: http://182.150.115.21:8030/pcgacg/pcgacg_0.m3u8
   速度: 0.70KB/s | 数据量: 0.2KB | 总耗时: 0.81s | 阈值: 300KB/s
[2026-09-29 01:46:21] 🚫 未达阈值 HTTP测速: http://live.iwcmt.cn:90/live/zhxw.m3u8
   速度: 1.00KB/s | 数据量: 0.2KB | 总耗时: 0.94s | 阈值: 300KB/s
[2026-09-29 01:46:22] 🚫 未达阈值 HTTP测速: http://qcfile.qcrmt.com/nmip-media/channellive/channel100933/playlist.m3u8
   速度: 265.62KB/s | 数据量: 0.3KB | 总耗时: 0.60s | 阈值: 300KB/s
[2026-09-29 01:46:22] 🚫 未达阈值 HTTP测速: http://file.ysxtv.cn/cms/videos/nmip-media/channellive/channel4/playlist.m3u8?zsicd
   速度: 265.62KB/s | 数据量: 0.3KB | 总耗时: 0.89s | 阈值: 300KB/s
[2026-09-29 01:46:22] 🚫 未达阈值 HTTP测速: http://tvfile.jyrmt.cn/nmip-media/channellive/channel104452/playlist.m3u8
   速度: 265.62KB/s | 数据量: 0.3KB | 总耗时: 2.69s | 阈值: 300KB/s
[2026-09-29 01:46:22] ✅ 通过阈值 HTTP测速: http://stream.jinjiang.tv/1/sd/live.m3u8?zfud
   速度: 314.45KB/s | 数据量: 0.3KB | 总耗时: 0.81s | 阈值: 300KB/s
[2026-09-29 01:46:22] ✅ 通过阈值 HTTP测速: http://www.dalitv.com.tw:4568/live/dali/index.m3u8
   速度: 808.59KB/s | 数据量: 0.8KB | 总耗时: 0.90s | 阈值: 300KB/s
[2026-09-29 01:46:22] ✅ HTTPS测速成功: https://m3u8channel-bx.yunxya.com/nmip-media/channellive/channel104666/playlist.m3u8
   速度: 271.48KB/s | 数据量: 0.3KB | 总耗时: 1.11s | 证书: 有效
[2026-09-29 01:46:22] ✅ 通过阈值 HTTP测速: http://live.shaoxing.com.cn/video/s10001-sxtv2/index.m3u8?%E5%85%B3%E6%B3%A8%E5%BE%AE%E4%BF%A1%E5%85%AC%E4%BC%97%E5%8F%B7[%E6%99%B4%E5%9B%AD]
   速度: 681.64KB/s | 数据量: 0.7KB | 总耗时: 0.85s | 阈值: 300KB/s
[2026-09-29 01:46:22] ✅ HTTPS测速成功: https://gcalic.v.myalicdn.com/gc/djyqyl1_1/index.m3u8
   速度: 330.08KB/s | 数据量: 0.3KB | 总耗时: 0.91s | 证书: 有效
[2026-09-29 01:46:23] 🚫 未达阈值 HTTP测速: http://zbbf2.ahbztv.com/live/418.m3u8
   速度: 241.21KB/s | 数据量: 0.2KB | 总耗时: 0.88s | 阈值: 300KB/s
[2026-09-29 01:46:23] 🚫 未达阈值 HTTP测速: http://play.jinnantv.top/live/JNTV1.m3u8?ztianjd
   速度: 250.98KB/s | 数据量: 0.3KB | 总耗时: 1.72s | 阈值: 300KB/s
[2026-09-29 01:46:23] 🚫 未达阈值 HTTP测速: http://www.guzhenm.com:7001/hls/hd-live.m3u8
   速度: 181.64KB/s | 数据量: 0.2KB | 总耗时: 0.72s | 阈值: 300KB/s
[2026-09-29 01:46:23] 🚫 未达阈值 HTTP测速: http://dspdhls.appcoo.com:8888/live/dspd/index.m3u8
   速度: 155.27KB/s | 数据量: 0.2KB | 总耗时: 0.59s | 阈值: 300KB/s
[2026-09-29 01:46:23] ✅ HTTPS测速成功: https://rt-glb.rttv.com/dvr/rtnews/playlist_4500Kb.m3u8
   速度: 27594.10KB/s | 数据量: 464.2KB | 总耗时: 0.47s | 证书: 有效
[2026-09-29 01:46:24] ✅ 通过阈值 HTTP测速: http://ls.qingting.fm/live/1794199.m3u8
   速度: 787.11KB/s | 数据量: 0.8KB | 总耗时: 1.62s | 阈值: 300KB/s
[2026-09-29 01:46:24] ✅ 通过阈值 HTTP测速: http://ls.qingting.fm/live/267.m3u8
   速度: 771.48KB/s | 数据量: 0.8KB | 总耗时: 1.65s | 阈值: 300KB/s
[2026-09-29 01:46:24] ✅ HTTPS测速成功: https://hlscdn.liangtv.cn/live/0234c48e0bc24fe1b41b9999a253e581/1075ee38e04f490690f6a36a16e09c79.m3u8
   速度: 179.69KB/s | 数据量: 0.2KB | 总耗时: 0.35s | 证书: 有效
[2026-09-29 01:46:24] ✅ HTTPS测速成功: https://zb-live.ynurl.com/tonghai/3bfe3a9e-48e6-4c1e-8770-1df66447cc6c.m3u8
   速度: 381.84KB/s | 数据量: 0.4KB | 总耗时: 1.03s | 证书: 有效
[2026-09-29 01:46:24] ✅ HTTPS测速成功: https://gcalic.v.myalicdn.com/gc/yxxdpf_1/index.m3u8
   速度: 319.34KB/s | 数据量: 0.3KB | 总耗时: 0.88s | 证书: 有效
[2026-09-29 01:46:24] ✅ HTTPS测速成功: https://gcalic.v.myalicdn.com/gc/jhs05_1/index.m3u8
   速度: 320.31KB/s | 数据量: 0.3KB | 总耗时: 0.90s | 证书: 有效
[2026-09-29 01:46:25] 🚫 未达阈值 HTTP测速: http://ali-m-l.cztv.com/channels/lantian/channel03/1080p.m3u8
   速度: 290.04KB/s | 数据量: 0.3KB | 总耗时: 0.97s | 阈值: 300KB/s
[2026-09-29 01:46:25] ✅ HTTPS测速成功: https://gcalic.v.myalicdn.com/gc/yxlcyt_1/index.m3u8
   速度: 319.34KB/s | 数据量: 0.3KB | 总耗时: 1.16s | 证书: 有效
[2026-09-29 01:46:25] 🚫 未达阈值 HTTP测速: http://zbbf2.ahbztv.com/live/416.m3u8?zanhd
   速度: 247.07KB/s | 数据量: 0.2KB | 总耗时: 1.01s | 阈值: 300KB/s
[2026-09-29 01:46:25] ✅ HTTPS测速成功: https://gcalic.v.myalicdn.com/gc/taishan03_1/index.m3u8
   速度: 333.98KB/s | 数据量: 0.3KB | 总耗时: 0.89s | 证书: 有效
[2026-09-29 01:46:25] ✅ HTTPS测速成功: https://ls.qingting.fm/live/21303/64k.m3u8
   速度: 779.30KB/s | 数据量: 0.8KB | 总耗时: 0.73s | 证书: 有效
[2026-09-29 01:46:26] ✅ HTTPS测速成功: https://ali-m-l.cztv.com/channels/lantian/channel010/1080p.m3u8?
   速度: 291.99KB/s | 数据量: 0.3KB | 总耗时: 0.94s | 证书: 有效
[2026-09-29 01:46:26] ✅ HTTPS测速成功: https://live.gdtv.ah.cn/live/newsTV.m3u8
   速度: 333.98KB/s | 数据量: 0.3KB | 总耗时: 1.22s | 证书: 有效
[2026-09-29 01:46:26] ✅ HTTPS测速成功: https://gcalic.v.myalicdn.com/gc/drs01_1/index.m3u8
   速度: 320.31KB/s | 数据量: 0.3KB | 总耗时: 2.00s | 证书: 有效
[2026-09-29 01:46:26] ✅ 通过阈值 HTTP测速: http://hslive.hsnewsnet.com/lsdream/iY92ady/1000/live.m3u8?zanhd
   速度: 352.54KB/s | 数据量: 0.4KB | 总耗时: 1.33s | 阈值: 300KB/s
[2026-09-29 01:46:26] ✅ HTTPS测速成功: https://gcalic.v.myalicdn.com/gc/ahhs01_1/index.m3u8
   速度: 319.34KB/s | 数据量: 0.3KB | 总耗时: 0.89s | 证书: 有效
[2026-09-29 01:46:26] ✅ 通过阈值 HTTP测速: http://hslive.hsnewsnet.com/lsdream/hve9Wjs/1000/live.m3u8
   速度: 354.49KB/s | 数据量: 0.4KB | 总耗时: 0.81s | 阈值: 300KB/s
[2026-09-29 01:46:26] ✅ HTTPS测速成功: https://gcalic.v.myalicdn.com/gc/hsyg_1/index.m3u8
   速度: 309.57KB/s | 数据量: 0.3KB | 总耗时: 0.87s | 证书: 有效
[2026-09-29 01:46:26] ✅ 通过阈值 HTTP测速: http://ls.qingting.fm/live/60260.m3u8
   速度: 787.11KB/s | 数据量: 0.8KB | 总耗时: 0.60s | 阈值: 300KB/s
[2026-09-29 01:46:27] ✅ HTTPS测速成功: https://gcalic.v.myalicdn.com/gc/hspyt_1/index.m3u8
   速度: 314.45KB/s | 数据量: 0.3KB | 总耗时: 0.87s | 证书: 有效
[2026-09-29 01:46:27] ✅ HTTPS测速成功: https://gcalic.v.myalicdn.com/gc/hsptgy_1/index.m3u8
   速度: 319.34KB/s | 数据量: 0.3KB | 总耗时: 1.06s | 证书: 有效
[2026-09-29 01:46:28] ✅ HTTPS测速成功: https://gcalic.v.myalicdn.com/gc/taishan01_1/index.m3u8
   速度: 339.84KB/s | 数据量: 0.3KB | 总耗时: 0.89s | 证书: 有效
[2026-09-29 01:46:28] ✅ HTTPS测速成功: https://gcalic.v.myalicdn.com/gc/taishan05_1/index.m3u8
   速度: 333.98KB/s | 数据量: 0.3KB | 总耗时: 0.90s | 证书: 有效
[2026-09-29 01:46:28] ✅ HTTPS测速成功: https://gcalic.v.myalicdn.com/gc/taishan02_1/index.m3u8
   速度: 339.84KB/s | 数据量: 0.3KB | 总耗时: 0.92s | 证书: 有效
[2026-09-29 01:46:28] ✅ HTTPS测速成功: https://gcalic.v.myalicdn.com/gc/hkts03_1/index.m3u8
   速度: 319.34KB/s | 数据量: 0.3KB | 总耗时: 0.94s | 证书: 有效
[2026-09-29 01:46:28] ✅ 通过阈值 HTTP测速: http://www.goodiptv.club/douyu/4246519
   速度: 479.24KB/s | 数据量: 139.4KB | 总耗时: 3.37s | 阈值: 300KB/s
[2026-09-29 01:46:28] ✅ HTTPS测速成功: https://gcalic.v.myalicdn.com/gc/taishan06_1/index.m3u8
   速度: 333.98KB/s | 数据量: 0.3KB | 总耗时: 1.02s | 证书: 有效
[2026-09-29 01:46:28] ✅ HTTPS测速成功: https://gcalic.v.myalicdn.com/gc/djd01_1/index.m3u8
   速度: 314.45KB/s | 数据量: 0.3KB | 总耗时: 0.89s | 证书: 有效
[2026-09-29 01:46:28] ✅ HTTPS测速成功: https://gcalic.v.myalicdn.com/gc/qdls02_1/index.m3u8
   速度: 319.34KB/s | 数据量: 0.3KB | 总耗时: 0.96s | 证书: 有效
[2026-09-29 01:46:28] ✅ 通过阈值 HTTP测速: http://cdn2.163189.xyz/live/gdty/stream.m3u8
   速度: 3429.69KB/s | 数据量: 3.4KB | 总耗时: 0.43s | 阈值: 300KB/s
[2026-09-29 01:46:28] 🚫 未达阈值 HTTP测速: http://60.222.246.220:19433/hls1.m3u8
   速度: 0.68KB/s | 数据量: 0.2KB | 总耗时: 0.84s | 阈值: 300KB/s
[2026-09-29 01:46:28] ✅ 通过阈值 HTTP测速: http://cdn2.163189.xyz/live/gdzj/stream.m3u8
   速度: 3429.69KB/s | 数据量: 3.4KB | 总耗时: 0.11s | 阈值: 300KB/s
[2026-09-29 01:46:29] ✅ HTTPS测速成功: https://gcalic.v.myalicdn.com/gc/qdls03_1/index.m3u8
   速度: 319.34KB/s | 数据量: 0.3KB | 总耗时: 0.97s | 证书: 有效
[2026-09-29 01:46:29] 🚫 未达阈值 HTTP测速: http://183.11.239.36:808/hls/18/index.m3u8
   速度: 244.14KB/s | 数据量: 0.2KB | 总耗时: 0.49s | 阈值: 300KB/s
[2026-09-29 01:46:29] 🚫 未达阈值 HTTP测速: http://222.128.55.152:9080/live/dwq.m3u8
   速度: 0.34KB/s | 数据量: 0.1KB | 总耗时: 0.77s | 阈值: 300KB/s
[2026-09-29 01:46:29] 🚫 未达阈值 HTTP测速: http://8.138.7.223/tv/gzjs.m3u8
   速度: 133.79KB/s | 数据量: 0.1KB | 总耗时: 0.53s | 阈值: 300KB/s
[2026-09-29 01:46:29] ✅ HTTPS测速成功: https://p2.vzan.com/slowlive/596867413819827251/live.m3u8?zbid=1725814272&tpid=1516989100&type=0
   速度: 685.55KB/s | 数据量: 0.7KB | 总耗时: 0.99s | 证书: 有效
[2026-09-29 01:46:30] ❌ HTTP测速失败: http://tmpstream.hyrtv.cn/hygg/sd/live.m3u8
   错误: ('Connection aborted.', RemoteDisconnected('Remote end closed connection without response')) | 域名: tmpstream.hyrtv.cn
[2026-09-29 01:46:30] ❌ HTTP测速失败: http://tmpstream.hyrtv.cn/xwzh/sd/live.m3u8
   错误: ('Connection aborted.', RemoteDisconnected('Remote end closed connection without response')) | 域名: tmpstream.hyrtv.cn
[2026-09-29 01:46:30] ✅ HTTPS测速成功: https://cdn8.163189.xyz/live/lhkt/stream.m3u8
   速度: 3429.69KB/s | 数据量: 3.4KB | 总耗时: 0.22s | 证书: 有效
[2026-09-29 01:46:30] ✅ HTTPS测速成功: https://cdn8.163189.xyz/live/lhox/stream.m3u8
   速度: 2228.52KB/s | 数据量: 4.2KB | 总耗时: 0.14s | 证书: 有效
[2026-09-29 01:46:30] ✅ HTTPS测速成功: https://m3u8channel-yj.yunxya.com/nmip-media/channellive/channel101140/playlist.m3u8
   速度: 271.48KB/s | 数据量: 0.3KB | 总耗时: 5.37s | 证书: 有效
[2026-09-29 01:46:30] ✅ HTTPS测速成功: https://cdn8.163189.xyz/live/lhxj/stream.m3u8
   速度: 4159.18KB/s | 数据量: 4.2KB | 总耗时: 0.11s | 证书: 有效
[2026-09-29 01:46:30] ✅ HTTPS测速成功: https://cdn8.163189.xyz/live/lhdy/stream.m3u8
   速度: 4159.18KB/s | 数据量: 4.2KB | 总耗时: 0.11s | 证书: 有效
[2026-09-29 01:46:30] 🚫 未达阈值 HTTP测速: http://live.daningtv.com/aac_dngb/playlist.m3u8
   速度: 67.38KB/s | 数据量: 0.1KB | 总耗时: 2.47s | 阈值: 300KB/s
[2026-09-29 01:46:30] ✅ HTTPS测速成功: https://cdn8.163189.xyz/live/lhrh/stream.m3u8
   速度: 3429.69KB/s | 数据量: 3.4KB | 总耗时: 0.22s | 证书: 有效
[2026-09-29 01:46:30] ✅ HTTPS测速成功: https://cdn8.163189.xyz/live/lhyp/stream.m3u8
   速度: 3429.69KB/s | 数据量: 3.4KB | 总耗时: 0.19s | 证书: 有效
[2026-09-29 01:46:30] ✅ HTTPS测速成功: https://cdn8.163189.xyz/live/lhjd/stream.m3u8
   速度: 3429.69KB/s | 数据量: 3.4KB | 总耗时: 0.20s | 证书: 有效
[2026-09-29 01:46:30] ✅ HTTPS测速成功: https://gcalic.v.myalicdn.com/gc/hkts02_1/index.m3u8
   速度: 331.05KB/s | 数据量: 0.3KB | 总耗时: 0.87s | 证书: 有效
[2026-09-29 01:46:31] ✅ 通过阈值 HTTP测速: http://play-sh13.quklive.com/live/1702360350551252.m3u8?auth_key=2037107484-800189c57a5a44d3b823b60cf84f6756-0-a6f6828a62d5c167cff5e68735fa0d39
   速度: 1008.79KB/s | 数据量: 1.0KB | 总耗时: 0.51s | 阈值: 300KB/s
[2026-09-29 01:46:31] ✅ HTTPS测速成功: https://ls.qingting.fm/live/5043/64k.m3u8
   速度: 779.30KB/s | 数据量: 0.8KB | 总耗时: 0.66s | 证书: 有效
[2026-09-29 01:46:31] 🚫 未达阈值 HTTP测速: http://110.153.180.106:55555/out_3/index.m3u8
   速度: 79.10KB/s | 数据量: 0.1KB | 总耗时: 0.61s | 阈值: 300KB/s
[2026-09-29 01:46:31] ✅ HTTPS测速成功: https://stream.sun0769.com/dgrtv1/mp4tv1_800/index.m3u8
   速度: 369.14KB/s | 数据量: 0.4KB | 总耗时: 1.37s | 证书: 有效
[2026-09-29 01:46:31] ✅ HTTPS测速成功: https://stream.sun0769.com/dgrtv1/mp4tv2_800/index.m3u8
   速度: 369.14KB/s | 数据量: 0.4KB | 总耗时: 1.51s | 证书: 有效
[2026-09-29 01:46:31] 🚫 未达阈值 HTTP测速: http://zb.gxlbamc.com:1935/live/lbzh.stream/playlist.m3u8
   速度: 0.53KB/s | 数据量: 0.1KB | 总耗时: 1.05s | 阈值: 300KB/s
[2026-09-29 01:46:31] 🚫 未达阈值 HTTP测速: http://615bbf179ba53515dccad7b1da5d1ad9.livehwc3.cn/hls.nntv.cn/nnlive/WLSH_24.m3u8?sub_m3u8=true&edge_slice=true&user_session_id=2598844eaee8a4265e706fc14b3fc11d
   速度: 253.91KB/s | 数据量: 0.3KB | 总耗时: 1.22s | 阈值: 300KB/s
[2026-09-29 01:46:31] 🚫 未达阈值 HTTP测速: http://110.153.180.106:55555/out_4/index.m3u8
   速度: 79.10KB/s | 数据量: 0.1KB | 总耗时: 0.62s | 阈值: 300KB/s
[2026-09-29 01:46:31] ✅ HTTPS测速成功: https://gcalic.v.myalicdn.com/gc/gllj01_1/index.m3u8
   速度: 319.34KB/s | 数据量: 0.3KB | 总耗时: 0.91s | 证书: 有效
[2026-09-29 01:46:32] 🚫 未达阈值 HTTP测速: http://110.153.180.106:55555/out_2/index.m3u8
   速度: 79.10KB/s | 数据量: 0.1KB | 总耗时: 0.61s | 阈值: 300KB/s
[2026-09-29 01:46:32] ✅ 通过阈值 HTTP测速: http://218.84.12.186:8002/hls/main/playlist.m3u8?zxinjd
   速度: 325.20KB/s | 数据量: 0.3KB | 总耗时: 0.61s | 阈值: 300KB/s
[2026-09-29 01:46:32] 🚫 未达阈值 HTTP测速: http://218.84.127.245:1026/hls/main1/playlist.m3u8?zxinjd
   速度: 233.40KB/s | 数据量: 0.2KB | 总耗时: 0.64s | 阈值: 300KB/s
[2026-09-29 01:46:32] 🚫 未达阈值 HTTP测速: http://hls.nntv.cn/nnlive/YSYL_244.m3u8
   速度: 232.42KB/s | 数据量: 0.2KB | 总耗时: 2.24s | 阈值: 300KB/s
[2026-09-29 01:46:32] 🚫 未达阈值 HTTP测速: http://file.loulannews.cn/nmip-media/channellive/channel103824/playlist.m3u8
   速度: 271.48KB/s | 数据量: 0.3KB | 总耗时: 1.09s | 阈值: 300KB/s
[2026-09-29 01:46:33] 🚫 未达阈值 HTTP测速: http://liveout.btzx.com.cn/62ds9e/4nxdih.m3u8?fbl=
   速度: 265.62KB/s | 数据量: 0.3KB | 总耗时: 1.46s | 阈值: 300KB/s
[2026-09-29 01:46:33] 🚫 未达阈值 HTTP测速: http://jrlive.jrntv.com/live/_definst_/yingshis/chunklist_w1994429382.m3u8?zjiangsd
   速度: 15.69KB/s | 数据量: 0.3KB | 总耗时: 1.19s | 阈值: 300KB/s
[2026-09-29 01:46:33] 🚫 未达阈值 HTTP测速: http://jrlive.jrntv.com/live/_definst_/dangjians/playlist.m3u8?%E5%85%B3%E6%B3%A8%E5%BE%AE%E4%BF%A1%E5%85%AC%E4%BC%97%E5%8F%B7[%E6%99%B4%E5%9B%AD]
   速度: 13.92KB/s | 数据量: 0.2KB | 总耗时: 1.23s | 阈值: 300KB/s
[2026-09-29 01:46:33] 🚫 未达阈值 HTTP测速: http://jrlive.jrntv.com/live/_definst_/shenghuos/playlist.m3u8?%E5%85%B3%E6%B3%A8%E5%BE%AE%E4%BF%A1%E5%85%AC%E4%BC%97%E5%8F%B7[%E6%99%B4%E5%9B%AD]
   速度: 11.63KB/s | 数据量: 0.2KB | 总耗时: 1.00s | 阈值: 300KB/s
[2026-09-29 01:46:33] ✅ 通过阈值 HTTP测速: http://live.xysrmt.cn/shpd/sd/live.m3u8?zjiangsd
   速度: 370.12KB/s | 数据量: 0.4KB | 总耗时: 0.70s | 阈值: 300KB/s
[2026-09-29 01:46:33] ✅ HTTPS测速成功: https://gcalic.v.myalicdn.com/gc/xwh01_1/index.m3u8
   速度: 314.45KB/s | 数据量: 0.3KB | 总耗时: 1.03s | 证书: 有效
[2026-09-29 01:46:33] ✅ 通过阈值 HTTP测速: http://live.xysrmt.cn/xwzh/sd/live.m3u8?zjiangsd"
   速度: 370.12KB/s | 数据量: 0.4KB | 总耗时: 1.03s | 阈值: 300KB/s
[2026-09-29 01:46:33] 🚫 未达阈值 HTTP测速: http://ali-m-l.cztv.com/channels/lantian/channel002/1080p.m3u8
   速度: 291.99KB/s | 数据量: 0.3KB | 总耗时: 0.66s | 阈值: 300KB/s
[2026-09-29 01:46:34] ✅ HTTPS测速成功: https://gcalic.v.myalicdn.com/gc/nss01_1/index.m3u8
   速度: 314.45KB/s | 数据量: 0.3KB | 总耗时: 0.89s | 证书: 有效
[2026-09-29 01:46:34] ✅ 通过阈值 HTTP测速: http://ls.qingting.fm/live/23797.m3u8
   速度: 787.11KB/s | 数据量: 0.8KB | 总耗时: 0.53s | 阈值: 300KB/s
[2026-09-29 01:46:34] ✅ HTTPS测速成功: https://liveout.btzx.com.cn/62ds9e/6o77s4.m3u8?zxinjd
   速度: 265.62KB/s | 数据量: 0.3KB | 总耗时: 1.58s | 证书: 有效
[2026-09-29 01:46:34] ✅ HTTPS测速成功: https://live-auth.51kandianshi.com/szgd/csztv3.m3u8
   速度: 286.13KB/s | 数据量: 0.3KB | 总耗时: 0.78s | 证书: 有效
[2026-09-29 01:46:34] ✅ 通过阈值 HTTP测速: http://120.76.248.139/live/bfgd/4200000068.m3u8
   速度: 859.38KB/s | 数据量: 0.9KB | 总耗时: 0.50s | 阈值: 300KB/s
[2026-09-29 01:46:34] ✅ HTTPS测速成功: https://live-auth.51kandianshi.com/szgd/csztv5.m3u8
   速度: 286.13KB/s | 数据量: 0.3KB | 总耗时: 0.78s | 证书: 有效
[2026-09-29 01:46:34] ✅ HTTPS测速成功: https://live-auth.51kandianshi.com/szgd/csztv2.m3u8
   速度: 286.13KB/s | 数据量: 0.3KB | 总耗时: 0.81s | 证书: 有效
[2026-09-29 01:46:34] ✅ HTTPS测速成功: https://live-auth.51kandianshi.com/szgd/csztv4k_hd.m3u8
   速度: 297.85KB/s | 数据量: 0.3KB | 总耗时: 0.89s | 证书: 有效
[2026-09-29 01:46:34] ✅ HTTPS测速成功: https://www.wxhcgbds.com:8081/channelTv/WXTV_1.m3u8?zshanxd
   速度: 2119.14KB/s | 数据量: 2.1KB | 总耗时: 1.14s | 证书: 无效
[2026-09-29 01:46:34] ✅ HTTPS测速成功: https://live-auth.51kandianshi.com/szgd/csztv1.m3u8
   速度: 286.13KB/s | 数据量: 0.3KB | 总耗时: 0.92s | 证书: 有效
[2026-09-29 01:46:35] ✅ HTTPS测速成功: https://ali-m-l.cztv.com/channels/lantian/channel002/1080p.m3u8
   速度: 291.99KB/s | 数据量: 0.3KB | 总耗时: 1.16s | 证书: 有效
[2026-09-29 01:46:35] ✅ 通过阈值 HTTP测速: http://ls.qingting.fm/live/2810.m3u8
   速度: 787.11KB/s | 数据量: 0.8KB | 总耗时: 0.53s | 阈值: 300KB/s
[2026-09-29 01:46:35] ✅ 通过阈值 HTTP测速: http://jwplay.hebyun.com.cn/live/LPTV001/1500k/tzwj_video.m3u8
   速度: 519.53KB/s | 数据量: 0.5KB | 总耗时: 1.11s | 阈值: 300KB/s
[2026-09-29 01:46:36] ✅ HTTPS测速成功: https://event.pull.hebtv.com:443/live/live101.m3u8
   速度: 339.84KB/s | 数据量: 0.3KB | 总耗时: 0.89s | 证书: 有效
[2026-09-29 01:46:36] ✅ HTTPS测速成功: https://jwcdnqx.hebyun.com.cn/live/xtcsshpd/1500k/tzwj_video.m3u8
   速度: 519.53KB/s | 数据量: 0.5KB | 总耗时: 0.81s | 证书: 有效
[2026-09-29 01:46:36] ✅ HTTPS测速成功: https://jwcdnqx.hebyun.com.cn/live/clzhpd/1500k/tzwj_video.m3u8
   速度: 506.84KB/s | 数据量: 0.5KB | 总耗时: 0.88s | 证书: 有效
[2026-09-29 01:46:36] ✅ HTTPS测速成功: https://jwcdnqx.hebyun.com.cn/live/xlzh/1500k/tzwj_video.m3u8
   速度: 507.81KB/s | 数据量: 0.5KB | 总耗时: 0.87s | 证书: 有效
[2026-09-29 01:46:36] ✅ HTTPS测速成功: https://jwcdnqx.hebyun.com.cn/live/rqtv1/1500k/tzwj_video.m3u8
   速度: 501.95KB/s | 数据量: 0.5KB | 总耗时: 0.90s | 证书: 有效
[2026-09-29 01:46:36] ✅ HTTPS测速成功: https://jwcdnqx.hebyun.com.cn/live/hdgg/1500k/tzwj_video.m3u8
   速度: 507.81KB/s | 数据量: 0.5KB | 总耗时: 0.83s | 证书: 有效
[2026-09-29 01:46:36] ✅ HTTPS测速成功: https://jwcdnqx.hebyun.com.cn/live/pqzh/1500k/tzwj_video.m3u8
   速度: 498.05KB/s | 数据量: 0.5KB | 总耗时: 0.87s | 证书: 有效
[2026-09-29 01:46:36] ✅ HTTPS测速成功: https://jwplay.hebyun.com.cn:443/live/xtsrmtzs/1500k/tzwj_video.m3u8
   速度: 525.39KB/s | 数据量: 0.5KB | 总耗时: 0.89s | 证书: 有效
[2026-09-29 01:46:36] ✅ HTTPS测速成功: https://jwcdnqx.hebyun.com.cn/live/qinghe1/1500k/tzwj_video.m3u8
   速度: 512.70KB/s | 数据量: 0.5KB | 总耗时: 0.95s | 证书: 有效
[2026-09-29 01:46:37] ✅ HTTPS测速成功: https://jwcdnqx.hebyun.com.cn/live/hdxwzh/1500k/tzwj_video.m3u8
   速度: 513.67KB/s | 数据量: 0.5KB | 总耗时: 0.89s | 证书: 有效
[2026-09-29 01:46:37] 🚫 未达阈值 HTTP测速: http://ali-m-l.cztv.com/channels/lantian/channel004/1080p.m3u8
   速度: 291.99KB/s | 数据量: 0.3KB | 总耗时: 0.69s | 阈值: 300KB/s
[2026-09-29 01:46:37] 🚫 未达阈值 HTTP测速: http://ali-m-l.cztv.com/channels/lantian/channel009/1080p.m3u8
   速度: 289.06KB/s | 数据量: 0.3KB | 总耗时: 0.74s | 阈值: 300KB/s
[2026-09-29 01:46:37] 🚫 未达阈值 HTTP测速: http://ali-m-l.cztv.com/channels/lantian/channel012/1080p.m3u8
   速度: 291.99KB/s | 数据量: 0.3KB | 总耗时: 0.85s | 阈值: 300KB/s
[2026-09-29 01:46:37] 🚫 未达阈值 HTTP测速: http://ali-m-l.cztv.com/channels/lantian/channel006/720p.m3u8
   速度: 288.09KB/s | 数据量: 0.3KB | 总耗时: 0.85s | 阈值: 300KB/s
[2026-09-29 01:46:37] ✅ HTTPS测速成功: https://jwcdnqx.hebyun.com.cn/live/hdkj/1500k/tzwj_video.m3u8
   速度: 506.84KB/s | 数据量: 0.5KB | 总耗时: 0.87s | 证书: 有效
[2026-09-29 01:46:38] 🚫 未达阈值 HTTP测速: http://ali-m-l.cztv.com/channels/lantian/channel006/1080p.m3u8
   速度: 289.06KB/s | 数据量: 0.3KB | 总耗时: 0.56s | 阈值: 300KB/s
[2026-09-29 01:46:38] 🚫 未达阈值 HTTP测速: http://ali-m-l.cztv.com/channels/lantian/channel12/720p.m3u8
   速度: 289.06KB/s | 数据量: 0.3KB | 总耗时: 0.72s | 阈值: 300KB/s
[2026-09-29 01:46:38] 🚫 未达阈值 HTTP测速: http://ali-m-l.cztv.com/channels/lantian/channel04/720p.m3u8
   速度: 287.11KB/s | 数据量: 0.3KB | 总耗时: 0.84s | 阈值: 300KB/s
[2026-09-29 01:46:38] ✅ HTTPS测速成功: https://ali-m-l.cztv.com/channels/lantian/channel008/1080p.m3u8
   速度: 291.99KB/s | 数据量: 0.3KB | 总耗时: 0.93s | 证书: 有效
[2026-09-29 01:46:38] ✅ 通过阈值 HTTP测速: http://ls.qingting.fm/live/1099.m3u8
   速度: 771.48KB/s | 数据量: 0.8KB | 总耗时: 0.51s | 阈值: 300KB/s
[2026-09-29 01:46:38] ✅ HTTPS测速成功: https://ali-m-l.cztv.com/channels/lantian/channel004/1080p.m3u8
   速度: 291.99KB/s | 数据量: 0.3KB | 总耗时: 1.02s | 证书: 有效
[2026-09-29 01:46:38] 🚫 未达阈值 HTTP测速: http://ali-m-l.cztv.com/channels/lantian/channel03/720p.m3u8
   速度: 289.06KB/s | 数据量: 0.3KB | 总耗时: 0.53s | 阈值: 300KB/s
[2026-09-29 01:46:38] ✅ 通过阈值 HTTP测速: http://ls.qingting.fm/live/1861.m3u8
   速度: 778.32KB/s | 数据量: 0.8KB | 总耗时: 0.32s | 阈值: 300KB/s
[2026-09-29 01:46:38] ✅ 通过阈值 HTTP测速: http://live.zohi.tv/video/s10001-fztv-1/index.m3u8
   速度: 498.05KB/s | 数据量: 0.5KB | 总耗时: 2.22s | 阈值: 300KB/s
[2026-09-29 01:46:38] 🚫 未达阈值 HTTP测速: http://ali-m-l.cztv.com/channels/lantian/channel02/1080p.m3u8
   速度: 291.99KB/s | 数据量: 0.3KB | 总耗时: 0.79s | 阈值: 300KB/s
[2026-09-29 01:46:38] ✅ 通过阈值 HTTP测速: http://120.76.248.139/live/bfgd/4200000282.m3u8
   速度: 859.38KB/s | 数据量: 0.9KB | 总耗时: 0.50s | 阈值: 300KB/s
[2026-09-29 01:46:39] ✅ HTTPS测速成功: https://dxtx.hntv.tv/live/lypd.m3u8?txSecret=10c771842a0be59e8b575d765173ec96&txTime=7B923E0A&wsSecret=41543190cdf375f1c73207222bb96542&wsTime=1769313549
   速度: 280.27KB/s | 数据量: 0.3KB | 总耗时: 1.27s | 证书: 有效
[2026-09-29 01:46:39] ✅ HTTPS测速成功: https://ali-m-l.cztv.com/channels/lantian/channel006/1080p.m3u8?
   速度: 289.06KB/s | 数据量: 0.3KB | 总耗时: 0.98s | 证书: 有效
[2026-09-29 01:46:39] ✅ HTTPS测速成功: https://ali-m-l.cztv.com/channels/lantian/channel007/1080p.m3u8
   速度: 291.99KB/s | 数据量: 0.3KB | 总耗时: 0.93s | 证书: 有效
[2026-09-29 01:46:39] ✅ HTTPS测速成功: https://ls.qingting.fm/live/20198/64k.m3u8
   速度: 779.30KB/s | 数据量: 0.8KB | 总耗时: 0.59s | 证书: 有效
[2026-09-29 01:46:39] 🚫 未达阈值 HTTP测速: http://59.175.226.142:280/gb28181/xwzh.m3u8?zhubd
   速度: 1.03KB/s | 数据量: 0.3KB | 总耗时: 0.76s | 阈值: 300KB/s
[2026-09-29 01:46:39] 🚫 未达阈值 HTTP测速: http://ali-m-l.cztv.com/channels/lantian/channel007/1080p.m3u8
   速度: 291.99KB/s | 数据量: 0.3KB | 总耗时: 0.56s | 阈值: 300KB/s
[2026-09-29 01:46:39] ✅ HTTPS测速成功: https://gcalic.v.myalicdn.com/gc/tyhjtys_1/index.m3u8
   速度: 324.22KB/s | 数据量: 0.3KB | 总耗时: 0.90s | 证书: 有效
[2026-09-29 01:46:40] ✅ HTTPS测速成功: https://gcalic.v.myalicdn.com/gc/hkts07_1/index.m3u8
   速度: 325.20KB/s | 数据量: 0.3KB | 总耗时: 0.92s | 证书: 有效
[2026-09-29 01:46:40] ✅ HTTPS测速成功: https://gcalic.v.myalicdn.com/gc/tms05_1/index.m3u8
   速度: 320.31KB/s | 数据量: 0.3KB | 总耗时: 0.91s | 证书: 有效
[2026-09-29 01:46:40] ✅ HTTPS测速成功: https://gcalic.v.myalicdn.com/gc/zjjbfh_1/index.m3u8
   速度: 331.05KB/s | 数据量: 0.3KB | 总耗时: 0.97s | 证书: 有效
[2026-09-29 01:46:41] ✅ HTTPS测速成功: https://p2hs.vzan.com/slowlive/317913155078575177/live.m3u8
   速度: 683.59KB/s | 数据量: 0.7KB | 总耗时: 1.35s | 证书: 有效
[2026-09-29 01:46:41] ✅ HTTPS测速成功: https://stream.ads.ottera.tv/playlist.m3u8?network_id=595
   速度: 636.72KB/s | 数据量: 0.6KB | 总耗时: 0.10s | 证书: 有效
[2026-09-29 01:46:41] ✅ HTTPS测速成功: https://gcalic.v.myalicdn.com/gc/zjjybf_1/index.m3u8
   速度: 319.34KB/s | 数据量: 0.3KB | 总耗时: 0.94s | 证书: 有效
[2026-09-29 01:46:41] ✅ HTTPS测速成功: https://liveplay-srs.voc.com.cn/hls/tv/183_554704.m3u8
   速度: 377.93KB/s | 数据量: 0.4KB | 总耗时: 1.18s | 证书: 有效
[2026-09-29 01:46:41] ✅ 通过阈值 HTTP测速: http://ls.qingting.fm/live/4877.m3u8
   速度: 779.30KB/s | 数据量: 0.8KB | 总耗时: 0.52s | 阈值: 300KB/s
[2026-09-29 01:46:41] ✅ HTTPS测速成功: https://gcalic.v.myalicdn.com/gc/zjjsrsm_1/index.m3u8
   速度: 335.94KB/s | 数据量: 0.3KB | 总耗时: 0.90s | 证书: 有效
[2026-09-29 01:46:42] ✅ HTTPS测速成功: https://gcalic.v.myalicdn.com/gc/zyqcdx01_1/index.m3u8
   速度: 329.10KB/s | 数据量: 0.3KB | 总耗时: 0.87s | 证书: 有效
[2026-09-29 01:46:42] 🚫 未达阈值 HTTP测速: http://play.kankanlive.com/live/1720408280309109.m3u8
   速度: 249.02KB/s | 数据量: 0.2KB | 总耗时: 1.05s | 阈值: 300KB/s
[2026-09-29 01:46:42] 🚫 未达阈值 HTTP测速: http://play.kankanlive.com/live/1720583434627241.m3u8
   速度: 249.02KB/s | 数据量: 0.2KB | 总耗时: 1.74s | 阈值: 300KB/s
[2026-09-29 01:46:43] 🚫 未达阈值 HTTP测速: http://play.kankanlive.com/live/1720408089419110.m3u8
   速度: 249.02KB/s | 数据量: 0.2KB | 总耗时: 0.75s | 阈值: 300KB/s
[2026-09-29 01:46:43] ✅ HTTPS测速成功: https://satellitepull.cnr.cn/live/wxgshhzs/playlist.m3u8
   速度: 312.50KB/s | 数据量: 0.3KB | 总耗时: 1.04s | 证书: 有效
[2026-09-29 01:46:43] ✅ HTTPS测速成功: https://play.kankanlive.com/live/1720583434627241.m3u8
   速度: 250.00KB/s | 数据量: 0.2KB | 总耗时: 1.01s | 证书: 有效
[2026-09-29 01:46:43] ✅ HTTPS测速成功: https://play.kankanlive.com/live/1652755738635915.m3u8
   速度: 250.00KB/s | 数据量: 0.2KB | 总耗时: 1.02s | 证书: 有效
[2026-09-29 01:46:43] ✅ HTTPS测速成功: https://play.kankanlive.com/live/1656487214793905.m3u8
   速度: 250.00KB/s | 数据量: 0.2KB | 总耗时: 1.06s | 证书: 有效
[2026-09-29 01:46:44] ✅ HTTPS测速成功: https://satellitepull.cnr.cn/live/wxgsdstb/playlist.m3u8
   速度: 312.50KB/s | 数据量: 0.3KB | 总耗时: 1.04s | 证书: 有效
[2026-09-29 01:46:44] 🚫 未达阈值 HTTP测速: http://ali-m-l.cztv.com/channels/lantian/channel003/720p.m3u8
   速度: 289.06KB/s | 数据量: 0.3KB | 总耗时: 0.48s | 阈值: 300KB/s
[2026-09-29 01:46:44] ✅ HTTPS测速成功: https://ls.qingting.fm/live/5022100/64k.m3u8
   速度: 794.92KB/s | 数据量: 0.8KB | 总耗时: 0.67s | 证书: 有效
[2026-09-29 01:46:44] ✅ 通过阈值 HTTP测速: http://live.zohi.tv/video/s10001-fztv-4/index.m3u8
   速度: 498.05KB/s | 数据量: 0.5KB | 总耗时: 0.60s | 阈值: 300KB/s
[2026-09-29 01:46:44] 🚫 未达阈值 HTTP测速: http://43.152.224.209/qctv.fengshows.cn/live/0701pin72.flv
   速度: 192.96KB/s | 数据量: 1024.0KB | 总耗时: 5.82s | 阈值: 300KB/s
[2026-09-29 01:46:44] ✅ 通过阈值 HTTP测速: http://live.zohi.tv:80/video/s10001-fztv-3/index.m3u8
   速度: 498.05KB/s | 数据量: 0.5KB | 总耗时: 0.57s | 阈值: 300KB/s
[2026-09-29 01:46:45] ✅ HTTPS测速成功: https://play.kankanlive.com/live/1683944827526991.m3u8
   速度: 250.00KB/s | 数据量: 0.2KB | 总耗时: 0.85s | 证书: 有效
[2026-09-29 01:46:45] ✅ HTTPS测速成功: https://stream.jmtv.com.cn/xwzh/playlist.m3u8?_upt=3e28e7271664278691
   速度: 68.36KB/s | 数据量: 0.1KB | 总耗时: 1.05s | 证书: 有效
[2026-09-29 01:46:45] ✅ HTTPS测速成功: https://live.264788.xyz/channel/fujianxiangcungonggong?streamid=1cf7fc3a8f6d160c33b43c2f9507a0cc&livekey=01WgOR41rriMmMkzNsd0UoaxJRwetZdxIvtVk
   速度: 109692.79KB/s | 数据量: 7188.8KB | 总耗时: 0.25s | 证书: 有效
[2026-09-29 01:46:45] ✅ HTTPS测速成功: https://live.264788.xyz/channel/fujianlvyou?streamid=fc58882de71ce4575b66002f2475226b&livekey=01WgOR41rriMmMkzNsd0UoaxJRwetZdxIvtVk
   速度: 96327.42KB/s | 数据量: 7188.8KB | 总耗时: 0.26s | 证书: 有效
[2026-09-29 01:46:45] ✅ HTTPS测速成功: https://gcalic.v.myalicdn.com/gc/gly01_1/index.m3u8
   速度: 320.31KB/s | 数据量: 0.3KB | 总耗时: 0.95s | 证书: 有效
[2026-09-29 01:46:45] ✅ HTTPS测速成功: https://live.zzyxxw.com:2443/live/xwzh.m3u8
   速度: 239.26KB/s | 数据量: 0.2KB | 总耗时: 1.06s | 证书: 有效
[2026-09-29 01:46:45] 🚫 未达阈值 HTTP测速: http://satellitepull.cnr.cn/live/wx32fjdnjjgb/playlist.m3u8
   速度: 261.72KB/s | 数据量: 0.3KB | 总耗时: 0.52s | 阈值: 300KB/s
[2026-09-29 01:46:46] 🚫 未达阈值 HTTP测速: http://satellitepull.cnr.cn/live/wx32fjxwgb/playlist.m3u8
   速度: 259.77KB/s | 数据量: 0.3KB | 总耗时: 1.38s | 阈值: 300KB/s
[2026-09-29 01:46:46] 🚫 未达阈值 HTTP测速: http://43.152.224.209/qctv.fengshows.cn/live/0701phk72.flv
   速度: 160.15KB/s | 数据量: 1024.0KB | 总耗时: 6.90s | 阈值: 300KB/s
[2026-09-29 01:46:46] ✅ HTTPS测速成功: https://gcalic.v.myalicdn.com/gc/wysynf_1/index.m3u8
   速度: 319.34KB/s | 数据量: 0.3KB | 总耗时: 0.88s | 证书: 有效
[2026-09-29 01:46:46] ✅ 通过阈值 HTTP测速: http://120.76.248.139/live/bfgd/4200000481.m3u8
   速度: 862.30KB/s | 数据量: 0.9KB | 总耗时: 0.65s | 阈值: 300KB/s
[2026-09-29 01:46:46] 🚫 未达阈值 HTTP测速: http://dassby.qqff.top:99/live/辽宁体育/index.m3u8
   速度: 152.34KB/s | 数据量: 0.2KB | 总耗时: 0.82s | 阈值: 300KB/s
[2026-09-29 01:46:46] 🚫 未达阈值 HTTP测速: http://120.76.248.139/live/bfgd/4200000071.m3u8
   速度: 0.98KB/s | 数据量: 0.0KB | 总耗时: 0.61s | 阈值: 300KB/s
[2026-09-29 01:46:46] ✅ HTTPS测速成功: https://gcalic.v.myalicdn.com/gc/zjwzbblh_1/index.m3u8
   速度: 329.10KB/s | 数据量: 0.3KB | 总耗时: 0.90s | 证书: 有效
[2026-09-29 01:46:46] ✅ HTTPS测速成功: https://gcalic.v.myalicdn.com/gc/xywfl_1/index.m3u8
   速度: 314.45KB/s | 数据量: 0.3KB | 总耗时: 0.88s | 证书: 有效
[2026-09-29 01:46:47] 🚫 未达阈值 HTTP测速: http://43.152.224.209/qctv.fengshows.cn/live/0701pcc72.flv
   速度: 137.49KB/s | 数据量: 1024.0KB | 总耗时: 7.95s | 阈值: 300KB/s
[2026-09-29 01:46:47] ✅ HTTPS测速成功: https://gcalic.v.myalicdn.com/gc/lpsgmjng01_1/index.m3u8
   速度: 344.73KB/s | 数据量: 0.3KB | 总耗时: 0.92s | 证书: 有效
[2026-09-29 01:46:47] 🚫 未达阈值 HTTP测速: http://dassby.qqff.top:99/live/辽宁影视剧/index.m3u8
   速度: 161.13KB/s | 数据量: 0.2KB | 总耗时: 0.83s | 阈值: 300KB/s
[2026-09-29 01:46:47] ✅ 通过阈值 HTTP测速: http://120.76.248.139/live/bfgd/4200000070.m3u8
   速度: 858.40KB/s | 数据量: 0.9KB | 总耗时: 0.53s | 阈值: 300KB/s
[2026-09-29 01:46:47] ✅ 通过阈值 HTTP测速: http://120.76.248.139/live/bfgd/4200000075.m3u8
   速度: 858.40KB/s | 数据量: 0.9KB | 总耗时: 0.52s | 阈值: 300KB/s
[2026-09-29 01:46:47] ✅ 通过阈值 HTTP测速: http://120.76.248.139/live/bfgd/4200000073.m3u8
   速度: 859.38KB/s | 数据量: 0.9KB | 总耗时: 0.51s | 阈值: 300KB/s
[2026-09-29 01:46:47] ✅ HTTPS测速成功: https://gcalic.v.myalicdn.com/gc/hkts09_1/index.m3u8
   速度: 319.34KB/s | 数据量: 0.3KB | 总耗时: 0.87s | 证书: 有效
[2026-09-29 01:46:47] ✅ 通过阈值 HTTP测速: http://120.76.248.139/live/bfgd/4200000480.m3u8
   速度: 862.30KB/s | 数据量: 0.9KB | 总耗时: 0.51s | 阈值: 300KB/s
[2026-09-29 01:46:47] ✅ 通过阈值 HTTP测速: http://222.179.155.21:1935/ch1.m3u8?zzhongqd
   速度: 405.27KB/s | 数据量: 0.4KB | 总耗时: 0.58s | 阈值: 300KB/s
[2026-09-29 01:46:47] ✅ HTTPS测速成功: https://gcalic.v.myalicdn.com/gc/fcw03_1/index.m3u8
   速度: 320.31KB/s | 数据量: 0.3KB | 总耗时: 0.90s | 证书: 有效
[2026-09-29 01:46:47] 🚫 未达阈值 HTTP测速: http://dassby.qqff.top:99/live/辽宁教育青少/index.m3u8
   速度: 169.92KB/s | 数据量: 0.2KB | 总耗时: 0.81s | 阈值: 300KB/s
[2026-09-29 01:46:47] ✅ 通过阈值 HTTP测速: http://ls.qingting.fm/live/1222.m3u8
   速度: 779.30KB/s | 数据量: 0.8KB | 总耗时: 0.53s | 阈值: 300KB/s
[2026-09-29 01:46:47] 🚫 未达阈值 HTTP测速: http://222.179.42.129:8181/hls1.m3u8
   速度: 0.59KB/s | 数据量: 0.2KB | 总耗时: 0.89s | 阈值: 300KB/s
[2026-09-29 01:46:48] 🚫 未达阈值 HTTP测速: http://183.64.174.171:40123/ch1.m3u8?zzhongqd
   速度: 0.44KB/s | 数据量: 0.1KB | 总耗时: 0.84s | 阈值: 300KB/s
[2026-09-29 01:46:48] ✅ 通过阈值 HTTP测速: http://stream.hrbtv.net/yspd/sd/live.m3u8?zheild
   速度: 355.47KB/s | 数据量: 0.4KB | 总耗时: 0.56s | 阈值: 300KB/s
[2026-09-29 01:46:48] ✅ 通过阈值 HTTP测速: http://stream.hrbtv.net/ylpd/sd/live.m3u8?zheild
   速度: 370.12KB/s | 数据量: 0.4KB | 总耗时: 0.66s | 阈值: 300KB/s
[2026-09-29 01:46:48] ✅ 通过阈值 HTTP测速: http://cdn.163189.xyz/live/hoy/stream.m3u8
   速度: 3429.69KB/s | 数据量: 3.4KB | 总耗时: 0.17s | 阈值: 300KB/s
[2026-09-29 01:46:48] ✅ 通过阈值 HTTP测速: http://stream.hrbtv.net/shpd/sd/live.m3u8?zheild
   速度: 355.47KB/s | 数据量: 0.4KB | 总耗时: 0.60s | 阈值: 300KB/s
[2026-09-29 01:46:48] ✅ 通过阈值 HTTP测速: http://stream.hrbtv.net/xwzh/sd/live.m3u8?zheild
   速度: 355.47KB/s | 数据量: 0.4KB | 总耗时: 0.64s | 阈值: 300KB/s
[2026-09-29 01:46:48] 🚫 未达阈值 HTTP测速: http://38.64.72.148/hls/modn/list/4005/playlist.m3u8
   速度: 229.49KB/s | 数据量: 0.2KB | 总耗时: 0.12s | 阈值: 300KB/s
[2026-09-29 01:46:48] ✅ 通过阈值 HTTP测速: http://stream.hrbtv.net/zxpd/sd/live.m3u8
   速度: 370.12KB/s | 数据量: 0.4KB | 总耗时: 0.63s | 阈值: 300KB/s
[2026-09-29 01:46:48] 🚫 未达阈值 HTTP测速: http://61.221.215.25:8800/hls/9/index.m3u8
   速度: 250.98KB/s | 数据量: 0.3KB | 总耗时: 0.39s | 阈值: 300KB/s
[2026-09-29 01:46:48] 🚫 未达阈值 HTTP测速: http://61.221.215.25:8800/hls/41/index.m3u8
   速度: 250.98KB/s | 数据量: 0.3KB | 总耗时: 0.39s | 阈值: 300KB/s
[2026-09-29 01:46:48] ✅ HTTPS测速成功: https://ls.qingting.fm/live/4972/64k.m3u8
   速度: 771.48KB/s | 数据量: 0.8KB | 总耗时: 0.60s | 证书: 有效
[2026-09-29 01:46:48] ✅ HTTPS测速成功: https://raw.githubusercontent.com/ChiSheng9/iptv/master/TV12.m3u8
   速度: 62.50KB/s | 数据量: 0.1KB | 总耗时: 0.10s | 证书: 有效
[2026-09-29 01:46:48] ✅ HTTPS测速成功: https://gcalic.v.myalicdn.com/gc/zh02_1/index.m3u8
   速度: 309.57KB/s | 数据量: 0.3KB | 总耗时: 0.92s | 证书: 有效
[2026-09-29 01:46:48] 🚫 未达阈值 HTTP测速: http://61.221.215.25:8800/hls/39/index.m3u8
   速度: 184.57KB/s | 数据量: 0.2KB | 总耗时: 0.39s | 阈值: 300KB/s
[2026-09-29 01:46:48] ✅ HTTPS测速成功: https://ls.qingting.fm/live/4974/64k.m3u8
   速度: 763.67KB/s | 数据量: 0.8KB | 总耗时: 0.62s | 证书: 有效
[2026-09-29 01:46:48] ✅ HTTPS测速成功: https://gcalic.v.myalicdn.com/gc/hlzycc_1/index.m3u8
   速度: 319.34KB/s | 数据量: 0.3KB | 总耗时: 0.88s | 证书: 有效
[2026-09-29 01:46:48] ✅ 通过阈值 HTTP测速: http://38.64.72.148/hls/modn/list/4013/chunklist1.m3u8
   速度: 385.74KB/s | 数据量: 0.4KB | 总耗时: 0.12s | 阈值: 300KB/s
[2026-09-29 01:46:48] ✅ HTTPS测速成功: https://raw.githubusercontent.com/ChiSheng9/iptv/master/TV02.m3u8
   速度: 62.50KB/s | 数据量: 0.1KB | 总耗时: 0.11s | 证书: 有效
[2026-09-29 01:46:48] ✅ HTTPS测速成功: https://raw.githubusercontent.com/ChiSheng9/iptv/master/TV17.m3u8
   速度: 62.50KB/s | 数据量: 0.1KB | 总耗时: 0.13s | 证书: 有效
[2026-09-29 01:46:48] ✅ 通过阈值 HTTP测速: http://cdn6.163189.xyz/163189/fct4k
   速度: 3429.69KB/s | 数据量: 3.4KB | 总耗时: 0.15s | 阈值: 300KB/s
[2026-09-29 01:46:49] 🚫 未达阈值 HTTP测速: http://61.221.215.25:8800/hls/48/index.m3u8
   速度: 251.95KB/s | 数据量: 0.3KB | 总耗时: 0.39s | 阈值: 300KB/s
[2026-09-29 01:46:49] ✅ HTTPS测速成功: https://gcalic.v.myalicdn.com/gc/hsxksqj_1/index.m3u8
   速度: 318.36KB/s | 数据量: 0.3KB | 总耗时: 0.89s | 证书: 有效
[2026-09-29 01:46:49] ✅ HTTPS测速成功: https://raw.githubusercontent.com/ChiSheng9/iptv/master/TV09.m3u8
   速度: 62.50KB/s | 数据量: 0.1KB | 总耗时: 0.12s | 证书: 有效
[2026-09-29 01:46:49] ✅ 通过阈值 HTTP测速: http://cdn6.163189.xyz/163189/amty
   速度: 3429.69KB/s | 数据量: 3.4KB | 总耗时: 0.11s | 阈值: 300KB/s
[2026-09-29 01:46:49] ✅ HTTPS测速成功: https://stream.hrbtv.net/zxpd/sd/live.m3u8
   速度: 370.12KB/s | 数据量: 0.4KB | 总耗时: 1.16s | 证书: 有效
[2026-09-29 01:46:50] ✅ HTTPS测速成功: https://gcalic.v.myalicdn.com/gc/zjwzblt_1/index.m3u8
   速度: 330.08KB/s | 数据量: 0.3KB | 总耗时: 0.87s | 证书: 有效
[2026-09-29 01:46:50] ✅ HTTPS测速成功: https://gcalic.v.myalicdn.com/gc/zjwzlyhb_1/index.m3u8
   速度: 334.96KB/s | 数据量: 0.3KB | 总耗时: 0.94s | 证书: 有效
[2026-09-29 01:46:50] ✅ HTTPS测速成功: https://gcalic.v.myalicdn.com/gc/zjwzlxt_1/index.m3u8
   速度: 330.08KB/s | 数据量: 0.3KB | 总耗时: 0.95s | 证书: 有效
[2026-09-29 01:46:50] ✅ HTTPS测速成功: https://gcalic.v.myalicdn.com/gc/blg05_1/index.m3u8
   速度: 314.45KB/s | 数据量: 0.3KB | 总耗时: 0.90s | 证书: 有效
[2026-09-29 01:46:50] ✅ HTTPS测速成功: https://gcalic.v.myalicdn.com/gc/hlwcc_1/index.m3u8
   速度: 320.31KB/s | 数据量: 0.3KB | 总耗时: 0.98s | 证书: 有效
[2026-09-29 01:46:50] ✅ HTTPS测速成功: https://gcalic.v.myalicdn.com/gc/blg03_1/index.m3u8
   速度: 314.45KB/s | 数据量: 0.3KB | 总耗时: 1.00s | 证书: 有效
[2026-09-29 01:46:50] ✅ HTTPS测速成功: https://gcalic.v.myalicdn.com/gc/dhyyqst_1/index.m3u8
   速度: 335.94KB/s | 数据量: 0.3KB | 总耗时: 0.87s | 证书: 有效
[2026-09-29 01:46:51] ✅ 通过阈值 HTTP测速: http://www.goodiptv.club/douyu/6863367
   速度: 1392.58KB/s | 数据量: 1.4KB | 总耗时: 0.92s | 阈值: 300KB/s
[2026-09-29 01:46:51] ✅ 通过阈值 HTTP测速: http://www.goodiptv.club/douyu/5061550
   速度: 1392.58KB/s | 数据量: 1.4KB | 总耗时: 1.13s | 阈值: 300KB/s
[2026-09-29 01:46:51] 🚫 未达阈值 HTTP测速: http://cdn9.163189.xyz/smt1.1.php?id=pearl_twn
   速度: 0.00KB/s | 数据量: 0.0KB | 总耗时: 3.41s | 阈值: 300KB/s
[2026-09-29 01:46:51] 🚫 未达阈值 HTTP测速: http://ebsonairios.ebs.co.kr/ebsutablet500k/tablet500k/playlist.m3u8
   速度: 122.07KB/s | 数据量: 0.1KB | 总耗时: 1.12s | 阈值: 300KB/s
[2026-09-29 01:46:51] ✅ 通过阈值 HTTP测速: http://www.goodiptv.club/douyu/4549169
   速度: 861.27KB/s | 数据量: 294.9KB | 总耗时: 1.44s | 阈值: 300KB/s
[2026-09-29 01:46:51] ✅ 通过阈值 HTTP测速: http://www.goodiptv.club/douyu/74374
   速度: 461.70KB/s | 数据量: 273.1KB | 总耗时: 2.43s | 阈值: 300KB/s
[2026-09-29 01:46:52] ✅ 通过阈值 HTTP测速: http://www.goodiptv.club/douyu/5522351
   速度: 419.68KB/s | 数据量: 231.6KB | 总耗时: 2.09s | 阈值: 300KB/s
[2026-09-29 01:46:52] ✅ 通过阈值 HTTP测速: http://newcntv.qcloudcdn.com/asp/hls/1200/0303000a/3/default/1425e1d505654cb48ba82b807b221193/1200.m3u8
   速度: 4116.21KB/s | 数据量: 4.1KB | 总耗时: 0.85s | 阈值: 300KB/s
[2026-09-29 01:46:52] ✅ 通过阈值 HTTP测速: http://newcntv.qcloudcdn.com/asp/hls/1200/0303000a/3/default/c6baf6f74bb944aeacee1065ea72c798/1200.m3u8
   速度: 4420.90KB/s | 数据量: 4.4KB | 总耗时: 0.78s | 阈值: 300KB/s
[2026-09-29 01:46:52] ✅ 通过阈值 HTTP测速: http://newcntv.qcloudcdn.com/asp/hls/4000/0303000a/3/default/93fc12dbf14241c18c23da104fbade23/4000.m3u8
   速度: 979.49KB/s | 数据量: 1.0KB | 总耗时: 0.98s | 阈值: 300KB/s
[2026-09-29 01:46:52] ✅ 通过阈值 HTTP测速: http://newcntv.qcloudcdn.com/asp/hls/4000/0303000a/3/default/2bdfdad540b342f592f9817cb7f3b79a/4000.m3u8
   速度: 7620.12KB/s | 数据量: 7.6KB | 总耗时: 0.69s | 阈值: 300KB/s
[2026-09-29 01:46:52] ✅ 通过阈值 HTTP测速: http://www.goodiptv.club/douyu/3928
   速度: 475.46KB/s | 数据量: 379.7KB | 总耗时: 2.76s | 阈值: 300KB/s
[2026-09-29 01:46:52] ✅ 通过阈值 HTTP测速: http://cdn6.163189.xyz/163189/amzy
   速度: 3429.69KB/s | 数据量: 3.4KB | 总耗时: 0.10s | 阈值: 300KB/s
[2026-09-29 01:46:52] ✅ HTTPS测速成功: https://live.264788.xyz/channel/fengyunyinyue?streamid=1b41fb9153cba3ee19bd5d1b323da27e&livekey=01WgOR41rriMmMkzNsd0UoaxJRwetZdxIvtVk
   速度: 103893.32KB/s | 数据量: 7188.8KB | 总耗时: 0.25s | 证书: 有效
[2026-09-29 01:46:52] 🚫 未达阈值 HTTP测速: http://61.221.215.25:8800/hls/49/index.m3u8
   速度: 252.93KB/s | 数据量: 0.3KB | 总耗时: 0.38s | 阈值: 300KB/s
[2026-09-29 01:46:53] ✅ 通过阈值 HTTP测速: http://www.goodiptv.club/douyu/2793084
   速度: 472.84KB/s | 数据量: 379.7KB | 总耗时: 2.89s | 阈值: 300KB/s
[2026-09-29 01:46:53] ✅ 通过阈值 HTTP测速: http://www.goodiptv.club/douyu/9661369
   速度: 475.51KB/s | 数据量: 379.7KB | 总耗时: 2.74s | 阈值: 300KB/s
[2026-09-29 01:46:53] ✅ HTTPS测速成功: https://rt-rtd.rttv.com/dvr/rtdoc/playlist_4500Kb.m3u8
   速度: 26168.36KB/s | 数据量: 464.2KB | 总耗时: 1.09s | 证书: 有效
[2026-09-29 01:46:53] ✅ HTTPS测速成功: https://hls.cntv.lxdns.com/asp/hls/2000/0303000a/3/default/f0a47e155d32450daa1d36a04fd7d262/2000.m3u8
   速度: 4089.33KB/s | 数据量: 5.4KB | 总耗时: 0.80s | 证书: 有效
[2026-09-29 01:46:54] ✅ HTTPS测速成功: https://newcntv.qcloudcdn.com/asp/hls/2000/0303000a/3/default/d2454bbb542d4613a9db478dab2addfd/2000.m3u8
   速度: 5678.71KB/s | 数据量: 5.7KB | 总耗时: 1.14s | 证书: 有效
[2026-09-29 01:46:54] ✅ HTTPS测速成功: https://satellitepull.cnr.cn/live/wx32nmgyygb/playlist.m3u8
   速度: 315.43KB/s | 数据量: 0.3KB | 总耗时: 1.94s | 证书: 有效
[2026-09-29 01:46:55] ✅ HTTPS测速成功: https://rt-doc.rttv.com/dvr/rtdru/rtdru1080.m3u8
   速度: 10455.74KB/s | 数据量: 73.9KB | 总耗时: 2.45s | 证书: 有效
[2026-09-29 01:46:58] ✅ HTTPS测速成功: https://alimov2.a.kwimgs.com/upic/2023/01/13/20/BMjAyMzAxMTMyMDA5MjJfNDAzMDAxOTlfOTM0OTkwNDQwNzVfMF8z_b_B811c0dec6b9a3d3074a18522c185010a.mp4
   速度: 71056.38KB/s | 数据量: 355328.0KB | 总耗时: 5.13s | 证书: 有效
[2026-09-29 01:46:58] ✅ HTTPS测速成功: https://alimov2.a.kwimgs.com/upic/2023/01/13/22/BMjAyMzAxMTMyMjEwMDNfNDAzMDAxOTlfOTM1MTIzMzYwODJfMF8z_b_B647d10e431b4cc5e48e6c77347d69021.mp4
   速度: 72206.48KB/s | 数据量: 361472.0KB | 总耗时: 5.14s | 证书: 有效
[2026-09-29 01:46:58] ✅ HTTPS测速成功: https://alimov2.a.kwimgs.com/upic/2023/01/13/22/BMjAyMzAxMTMyMjEwMDNfNDAzMDAxOTlfOTM1MTIzMzYxMjNfMF8z_b_B3dde97f36273f04403d4dc5eec611a35.mp4
   速度: 74122.06KB/s | 数据量: 371712.0KB | 总耗时: 5.15s | 证书: 有效
[2026-09-29 01:46:58] ✅ HTTPS测速成功: https://alimov2.a.kwimgs.com/upic/2023/01/13/22/BMjAyMzAxMTMyMjEwMDNfNDAzMDAxOTlfOTM1MTIzMzYxNTJfMF8z_b_Bd841eae10ab1c9955ef55fbedfae6c45.mp4
   速度: 67361.18KB/s | 数据量: 336896.0KB | 总耗时: 5.14s | 证书: 有效
[2026-09-29 01:46:58] ✅ HTTPS测速成功: https://alimov2.a.kwimgs.com/upic/2023/01/13/21/BMjAyMzAxMTMyMTE4MzRfNDAzMDAxOTlfOTM1MDY4ODIxMTNfMF8z_b_Bdddf4e7ef0ff6cfd477857bb40e78419.mp4
   速度: 69520.90KB/s | 数据量: 348160.0KB | 总耗时: 5.15s | 证书: 有效
[2026-09-29 01:46:59] ✅ HTTPS测速成功: https://alimov2.a.kwimgs.com/upic/2023/01/13/20/BMjAyMzAxMTMyMDA5MjJfNDAzMDAxOTlfOTM0OTkwNDQyMDFfMF8z_b_B70592cb7c4054e9cabb675e849bbf4bd.mp4
   速度: 62411.73KB/s | 数据量: 312320.0KB | 总耗时: 5.14s | 证书: 有效
[2026-09-29 01:46:59] ✅ HTTPS测速成功: https://alimov2.a.kwimgs.com/upic/2023/01/13/21/BMjAyMzAxMTMyMTE4MzRfNDAzMDAxOTlfOTM1MDY4ODIxNDdfMF8z_b_Ba6271d10b7e6cfae83759033a091f257.mp4
   速度: 60813.87KB/s | 数据量: 305152.0KB | 总耗时: 5.29s | 证书: 有效
[2026-09-29 01:46:59] ✅ HTTPS测速成功: https://alimov2.a.kwimgs.com/upic/2023/01/14/23/BMjAyMzAxMTQyMzQxNDdfNDAzMDAxOTlfOTM2MTU0MTk1NDFfMF8z_b_B182749d2cd2ea9323639254af385f24b.mp4
   速度: 58263.56KB/s | 数据量: 291840.0KB | 总耗时: 5.13s | 证书: 有效
[2026-09-29 01:46:59] ✅ HTTPS测速成功: https://alimov2.a.kwimgs.com/upic/2023/01/13/21/BMjAyMzAxMTMyMTE4MzRfNDAzMDAxOTlfOTM1MDY4ODIxOTVfMF8z_b_B86c4430b82ff5a7f4e8132f6ee558536.mp4
   速度: 60364.36KB/s | 数据量: 302080.0KB | 总耗时: 5.14s | 证书: 有效
[2026-09-29 01:47:00] ✅ HTTPS测速成功: https://d4ybyqrhce41r.cloudfront.net/v1/master/3fec3e5cac39a52b2132f9c66c83dae043dc17d4/prod-xumo-linear-nbcu-hlsv3/master.m3u8?ads.channelId=99991626
   速度: 2154.30KB/s | 数据量: 2.2KB | 总耗时: 0.29s | 证书: 有效
[2026-09-29 01:47:01] ✅ HTTPS测速成功: https://alimov2.a.kwimgs.com/upic/2023/01/13/20/BMjAyMzAxMTMyMDA5MjJfNDAzMDAxOTlfOTM0OTkwNDQyMzhfMF8z_b_B35ad7cc86aec8fc9e5ddfb31fc7bed63.mp4
   速度: 62191.56KB/s | 数据量: 311296.0KB | 总耗时: 5.08s | 证书: 有效
[2026-09-29 01:47:01] ✅ HTTPS测速成功: https://amdlive-ch01-ctnd-com.akamaized.net/arirang_1ch/smil:arirang_1ch.smil/chunklist_b3256000_sleng.m3u8
   速度: 271.48KB/s | 数据量: 0.3KB | 总耗时: 1.20s | 证书: 有效
[2026-09-29 01:47:01] ✅ HTTPS测速成功: https://dbrb49pjoymg4.cloudfront.net/v1/master/3fec3e5cac39a52b2132f9c66c83dae043dc17d4/prod_default_xumo-ams-aws/master.m3u8?ads.xumo_channelId=99991276
   速度: 1806.64KB/s | 数据量: 1.8KB | 总耗时: 0.08s | 证书: 有效
[2026-09-29 01:47:02] ✅ HTTPS测速成功: https://cdn6.163189.xyz/163189/ch5
   速度: 3429.69KB/s | 数据量: 3.4KB | 总耗时: 0.18s | 证书: 有效
[2026-09-29 01:47:02] ✅ HTTPS测速成功: https://cdn6.163189.xyz/163189/ch8
   速度: 3429.69KB/s | 数据量: 3.4KB | 总耗时: 0.17s | 证书: 有效
[2026-09-29 01:47:02] ✅ HTTPS测速成功: https://5ddce30eb4b55.streamlock.net/bltvhd/bltv1/playlist.m3u8
   速度: 134.77KB/s | 数据量: 0.1KB | 总耗时: 0.83s | 证书: 有效
[2026-09-29 01:47:02] ✅ HTTPS测速成功: https://cdn6.163189.xyz/163189/chu
   速度: 3429.69KB/s | 数据量: 3.4KB | 总耗时: 0.23s | 证书: 有效
[2026-09-29 01:47:02] ✅ HTTPS测速成功: https://raw.githubusercontent.com/ChiSheng9/iptv/master/TV28.m3u8
   速度: 62.50KB/s | 数据量: 0.1KB | 总耗时: 0.10s | 证书: 有效
[2026-09-29 01:47:03] ✅ HTTPS测速成功: https://raw.githubusercontent.com/ChiSheng9/iptv/master/TV08.m3u8
   速度: 62.50KB/s | 数据量: 0.1KB | 总耗时: 0.11s | 证书: 有效
[2026-09-29 01:47:03] ✅ HTTPS测速成功: https://d2e1asnsl7br7b.cloudfront.net/7782e205e72f43aeb4a48ec97f66ebbe/index_5.m3u8
   速度: 546.88KB/s | 数据量: 0.5KB | 总耗时: 0.29s | 证书: 有效
[2026-09-29 01:47:03] ✅ HTTPS测速成功: https://raw.githubusercontent.com/ChiSheng9/iptv/master/TV18.m3u8
   速度: 62.50KB/s | 数据量: 0.1KB | 总耗时: 0.11s | 证书: 有效
[2026-09-29 01:47:03] ✅ HTTPS测速成功: https://raw.githubusercontent.com/ChiSheng9/iptv/master/TV26.m3u8
   速度: 62.50KB/s | 数据量: 0.1KB | 总耗时: 0.11s | 证书: 有效
[2026-09-29 01:47:03] ✅ HTTPS测速成功: https://alimov2.a.kwimgs.com/upic/2023/01/13/20/BMjAyMzAxMTMyMDA5MjJfNDAzMDAxOTlfOTM0OTkwNDQzMjNfMF8z_b_B00b069c7899976459ceeaa99353dfefe.mp4
   速度: 85585.90KB/s | 数据量: 428032.0KB | 总耗时: 5.12s | 证书: 有效
[2026-09-29 01:47:03] ✅ HTTPS测速成功: https://alimov2.a.kwimgs.com/upic/2023/01/13/20/BMjAyMzAxMTMyMDA5MjJfNDAzMDAxOTlfOTM0OTkwNDQyNzlfMF8z_b_Bbc3703fc331dc994c50859c19aad28ff.mp4
   速度: 83701.68KB/s | 数据量: 418816.0KB | 总耗时: 5.15s | 证书: 有效
[2026-09-29 01:47:03] ✅ HTTPS测速成功: https://alimov2.a.kwimgs.com/upic/2023/01/13/20/BMjAyMzAxMTMyMDA5MjJfNDAzMDAxOTlfOTM0OTkwNDQzOTBfMF8z_b_B29a36a85e0277f6c2a1f033ef7c10708.mp4
   速度: 87426.26KB/s | 数据量: 437248.0KB | 总耗时: 5.13s | 证书: 有效
[2026-09-29 01:47:03] ✅ HTTPS测速成功: https://raw.githubusercontent.com/ChiSheng9/iptv/master/TV15.m3u8
   速度: 62.50KB/s | 数据量: 0.1KB | 总耗时: 0.11s | 证书: 有效
[2026-09-29 01:47:03] ✅ HTTPS测速成功: https://raw.githubusercontent.com/ChiSheng9/iptv/master/TV16.m3u8
   速度: 62.50KB/s | 数据量: 0.1KB | 总耗时: 0.10s | 证书: 有效
[2026-09-29 01:47:03] ✅ HTTPS测速成功: https://raw.githubusercontent.com/ChiSheng9/iptv/master/TV04.m3u8
   速度: 62.50KB/s | 数据量: 0.1KB | 总耗时: 0.09s | 证书: 有效
[2026-09-29 01:47:03] ✅ HTTPS测速成功: https://raw.githubusercontent.com/ChiSheng9/iptv/master/TV05.m3u8
   速度: 62.50KB/s | 数据量: 0.1KB | 总耗时: 0.11s | 证书: 有效
[2026-09-29 01:47:03] ✅ 通过阈值 HTTP测速: http://nmxlive.akamaized.net/hls/live/529965/Live_1/index.m3u8
   速度: 802.73KB/s | 数据量: 0.8KB | 总耗时: 0.17s | 阈值: 300KB/s
[2026-09-29 01:47:03] ✅ 通过阈值 HTTP测速: http://cdn.163189.xyz/163189/now
   速度: 3429.69KB/s | 数据量: 3.4KB | 总耗时: 0.12s | 阈值: 300KB/s
[2026-09-29 01:47:03] ✅ HTTPS测速成功: https://raw.githubusercontent.com/ChiSheng9/iptv/master/TV10.m3u8
   速度: 62.50KB/s | 数据量: 0.1KB | 总耗时: 0.10s | 证书: 有效
[2026-09-29 01:47:03] ✅ HTTPS测速成功: https://raw.githubusercontent.com/ChiSheng9/iptv/master/TV14.m3u8
   速度: 62.50KB/s | 数据量: 0.1KB | 总耗时: 0.11s | 证书: 有效
[2026-09-29 01:47:04] ✅ HTTPS测速成功: https://alimov2.a.kwimgs.com/upic/2023/01/13/20/BMjAyMzAxMTMyMDA5MjJfNDAzMDAxOTlfOTM0OTkwNDQ0MjlfMF8z_b_B8818807a00eed329a69fb494f405bd43.mp4
   速度: 22765.29KB/s | 数据量: 124928.0KB | 总耗时: 5.56s | 证书: 有效
[2026-09-29 01:47:04] ✅ HTTPS测速成功: https://alimov2.a.kwimgs.com/upic/2023/01/06/16/BMjAyMzAxMDYxNjMxMTNfNDAzMDAxOTlfOTI4OTY2ODAzNjlfMF8z_b_Bdee65c77f9e7b2120a185c919dad81d2.mp4
   速度: 93483.40KB/s | 数据量: 467968.0KB | 总耗时: 5.08s | 证书: 有效
[2026-09-29 01:47:04] ✅ HTTPS测速成功: https://alimov2.a.kwimgs.com/upic/2023/01/06/16/BMjAyMzAxMDYxNjMxMTRfNDAzMDAxOTlfOTI4OTY2ODE2MTBfMF8z_b_B11a778e34390a21de42d407e94f45b91.mp4
   速度: 90797.52KB/s | 数据量: 454656.0KB | 总耗时: 5.09s | 证书: 有效
[2026-09-29 01:47:04] ✅ HTTPS测速成功: https://cdn-apse1-prod.tsv2.amagi.tv/linear/amg01076-lightningintern-petclub-samsungnz/playlist.m3u8
   速度: 2929.69KB/s | 数据量: 2.9KB | 总耗时: 0.55s | 证书: 有效
[2026-09-29 01:47:04] ✅ HTTPS测速成功: https://live.streamingfast.net/osmflivech1.m3u8
   速度: 548.83KB/s | 数据量: 0.5KB | 总耗时: 0.79s | 证书: 有效
[2026-09-29 01:47:04] ✅ HTTPS测速成功: https://live.streamingfast.net/osmflivech2.m3u8
   速度: 548.83KB/s | 数据量: 0.5KB | 总耗时: 0.81s | 证书: 有效
[2026-09-29 01:47:04] ✅ HTTPS测速成功: https://p2.bdstatic.com/rtmp.liveshow.lss-user.baidubce.com/live/stream_bduid_6488563992_8982723413/merged_1707497046297_88536_25144_41936.m3u8
   速度: 190.74KB/s | 数据量: 103.6KB | 总耗时: 1.54s | 证书: 有效
[2026-09-29 01:47:04] ✅ HTTPS测速成功: https://raw.githubusercontent.com/ChiSheng9/iptv/master/TV78.m3u8
   速度: 62.50KB/s | 数据量: 0.1KB | 总耗时: 0.09s | 证书: 有效
[2026-09-29 01:47:04] ✅ HTTPS测速成功: https://alimov2.a.kwimgs.com/upic/2023/01/13/20/BMjAyMzAxMTMyMDA5MjJfNDAzMDAxOTlfOTM0OTkwNDQ1NjNfMF8z_b_B4fea55408dca4471a68a963ae096be59.mp4
   速度: 40527.39KB/s | 数据量: 234496.0KB | 总耗时: 6.27s | 证书: 有效
[2026-09-29 01:47:04] ✅ HTTPS测速成功: https://d7x8z4yuq42qn.cloudfront.net/index_7.m3u8
   速度: 443.36KB/s | 数据量: 0.4KB | 总耗时: 0.04s | 证书: 有效
[2026-09-29 01:47:05] ✅ HTTPS测速成功: https://lbs-us1.suprememastertv.com/720p.m3u8
   速度: 137.70KB/s | 数据量: 0.1KB | 总耗时: 0.31s | 证书: 有效
[2026-09-29 01:47:05] ✅ HTTPS测速成功: https://wildearth-plex.amagi.tv/masterR1080p.m3u8
   速度: 537.11KB/s | 数据量: 0.5KB | 总耗时: 0.22s | 证书: 有效
[2026-09-29 01:47:05] ✅ HTTPS测速成功: https://lightning-tracesport-samsungau.amagi.tv/playlist1080p.m3u8
   速度: 567.38KB/s | 数据量: 0.6KB | 总耗时: 0.34s | 证书: 有效
[2026-09-29 01:47:05] ✅ HTTPS测速成功: https://raw.githubusercontent.com/ChiSheng9/iptv/master/TV07.m3u8
   速度: 62.50KB/s | 数据量: 0.1KB | 总耗时: 0.09s | 证书: 有效
[2026-09-29 01:47:05] ✅ 通过阈值 HTTP测速: http://120.76.248.139/live/bfgd/4200000158.m3u8
   速度: 859.38KB/s | 数据量: 0.9KB | 总耗时: 0.64s | 阈值: 300KB/s
[2026-09-29 01:47:05] ✅ HTTPS测速成功: https://cdn6.163189.xyz/163189/8tv
   速度: 3429.69KB/s | 数据量: 3.4KB | 总耗时: 0.13s | 证书: 有效
[2026-09-29 01:47:05] ✅ HTTPS测速成功: https://rt-fra.rttv.com/dvr/rtfrance/playlist_4500Kb.m3u8
   速度: 25636.33KB/s | 数据量: 464.2KB | 总耗时: 0.47s | 证书: 有效
[2026-09-29 01:47:05] 🚫 未达阈值 HTTP测速: http://120.76.248.139/live/bfgd/4200000153.m3u8
   速度: 0.98KB/s | 数据量: 0.0KB | 总耗时: 0.64s | 阈值: 300KB/s
[2026-09-29 01:47:06] ✅ 通过阈值 HTTP测速: http://120.76.248.139/live/bfgd/4200000229.m3u8
   速度: 862.30KB/s | 数据量: 0.9KB | 总耗时: 0.62s | 阈值: 300KB/s
[2026-09-29 01:47:06] ✅ 通过阈值 HTTP测速: http://120.76.248.139/live/bfgd/4200000249.m3u8
   速度: 853.52KB/s | 数据量: 0.9KB | 总耗时: 0.64s | 阈值: 300KB/s
[2026-09-29 01:47:06] ✅ HTTPS测速成功: https://gcalic.v.myalicdn.com/gc/ztd_1/index.m3u8
   速度: 310.55KB/s | 数据量: 0.3KB | 总耗时: 0.96s | 证书: 有效
[2026-09-29 01:47:06] ✅ HTTPS测速成功: https://gcalic.v.myalicdn.com/gc/ztn_1/index.m3u8
   速度: 304.69KB/s | 数据量: 0.3KB | 总耗时: 0.88s | 证书: 有效
[2026-09-29 01:47:07] ✅ HTTPS测速成功: https://rt-srb.rttv.com/dvr/rtbalkan/playlist_4500Kb.m3u8
   速度: 24251.35KB/s | 数据量: 464.2KB | 总耗时: 0.51s | 证书: 有效
[2026-09-29 01:47:07] ✅ HTTPS测速成功: https://rt-arb.rttv.com/dvr/rtarab/playlist_4500Kb.m3u8
   速度: 26022.51KB/s | 数据量: 464.2KB | 总耗时: 0.72s | 证书: 有效
[2026-09-29 01:47:08] ✅ HTTPS测速成功: https://rt-ger.rttv.com/dvr/rtdeutsch/playlist_4500Kb.m3u8
   速度: 20281.41KB/s | 数据量: 464.2KB | 总耗时: 0.47s | 证书: 有效
[2026-09-29 01:47:10] ✅ HTTPS测速成功: https://rt-esp.rttv.com/dvr/rtesp/playlist_4500Kb.m3u8
   速度: 3570.84KB/s | 数据量: 464.2KB | 总耗时: 3.72s | 证书: 有效
[2026-09-29 01:47:10] ✅ HTTPS测速成功: https://alimov2.a.kwimgs.com/upic/2022/01/31/15/BMjAyMjAxMzExNTU5MTRfNDAzMDAxOTlfNjYyNzMxNjcwMjBfMF8z_b_Beb3bda599f76c60c463c433ca7460153.mp4
   速度: 82178.96KB/s | 数据量: 411648.0KB | 总耗时: 5.06s | 证书: 有效
[2026-09-29 01:47:10] ✅ HTTPS测速成功: https://alimov2.a.kwimgs.com/upic/2022/01/31/15/BMjAyMjAxMzExNTU5NTRfNDAzMDAxOTlfNjYyNzMyMzg3MTRfMF8z_b_B192356dadbc90d207ba16964d4c2914c.mp4
   速度: 80854.01KB/s | 数据量: 405504.0KB | 总耗时: 5.13s | 证书: 有效
[2026-09-29 01:47:11] ✅ HTTPS测速成功: https://alimov2.a.kwimgs.com/upic/2022/01/31/16/BMjAyMjAxMzExNjAwMDFfNDAzMDAxOTlfNjYyNzMyNTAwMzJfMF8z_b_Be73c5abcbc0eeb2ec9fce6842e1362a4.mp4
   速度: 75253.69KB/s | 数据量: 376832.0KB | 总耗时: 5.26s | 证书: 有效
[2026-09-29 01:47:11] ✅ HTTPS测速成功: https://alimov2.a.kwimgs.com/upic/2022/01/31/16/BMjAyMjAxMzExNjAwMDRfNDAzMDAxOTlfNjYyNzMyNTU0OTRfMF8z_b_B24f7d19f1132fa5d7f502f8377ad5567.mp4
   速度: 76359.89KB/s | 数据量: 381952.0KB | 总耗时: 5.06s | 证书: 有效
[2026-09-29 01:47:11] ✅ HTTPS测速成功: https://alimov2.a.kwimgs.com/upic/2022/01/31/16/BMjAyMjAxMzExNjAwMDhfNDAzMDAxOTlfNjYyNzMyNjMyMDNfMF8z_b_B570493ed8f7200d4013a66b2d21b2de9.mp4
   速度: 73298.36KB/s | 数据量: 367616.0KB | 总耗时: 5.08s | 证书: 有效
[2026-09-29 01:47:11] ✅ HTTPS测速成功: https://alimov2.a.kwimgs.com/upic/2022/01/31/16/BMjAyMjAxMzExNjAwMTJfNDAzMDAxOTlfNjYyNzMyNjkxNjBfMF8z_b_B8c835b83a92d25bde81ba22c5cd9521e.mp4
   速度: 70073.98KB/s | 数据量: 351232.0KB | 总耗时: 5.15s | 证书: 有效
[2026-09-29 01:47:13] ✅ HTTPS测速成功: https://alimov2.a.kwimgs.com/upic/2022/01/31/16/BMjAyMjAxMzExNjI2MTVfNDAzMDAxOTlfNjYyNzYwNjUxNjVfMF8z_b_B8feb7b85888678d71bf37a259c6850f6.mp4
   速度: 59135.75KB/s | 数据量: 295936.0KB | 总耗时: 5.29s | 证书: 有效
[2026-09-29 01:47:13] ✅ HTTPS测速成功: https://alimov2.a.kwimgs.com/upic/2022/01/31/16/BMjAyMjAxMzExNjAwMTVfNDAzMDAxOTlfNjYyNzMyNzQ2OTlfMF8z_b_Be477b27b9ce655d2372df56a5a3d96ef.mp4
   速度: 59671.34KB/s | 数据量: 299008.0KB | 总耗时: 5.29s | 证书: 有效
[2026-09-29 01:47:13] ✅ HTTPS测速成功: https://res.cctvnews.cctv.com/video/3005/record/cctv/merge1/133396667284143308839013005/8fbd6180bdef4da19f6155cf6b4652e1-4.m3u8
   速度: 10514.20KB/s | 数据量: 105.1KB | 总耗时: 0.15s | 证书: 有效
[2026-09-29 01:47:14] ✅ HTTPS测速成功: https://alimov2.a.kwimgs.com/upic/2023/01/13/20/BMjAyMzAxMTMyMDA5MjJfNDAzMDAxOTlfOTM0OTkwNDQxNTRfMF8z_b_B0b5e52bc003285ef66ec0cbb2be08556.mp4
   速度: 59382.87KB/s | 数据量: 296960.0KB | 总耗时: 5.08s | 证书: 有效
[2026-09-29 01:47:14] ✅ HTTPS测速成功: https://cdn6.163189.xyz/163189/as
   速度: 3429.69KB/s | 数据量: 3.4KB | 总耗时: 0.16s | 证书: 有效
[2026-09-29 01:47:14] ✅ HTTPS测速成功: https://cdn6.163189.xyz/163189/asam
   速度: 3429.69KB/s | 数据量: 3.4KB | 总耗时: 0.17s | 证书: 有效
[2026-09-29 01:47:15] ✅ HTTPS测速成功: https://gcalic.v.myalicdn.com/gc/dhyyqsm_1/index.m3u8
   速度: 324.22KB/s | 数据量: 0.3KB | 总耗时: 1.15s | 证书: 有效
[2026-09-29 01:47:15] ✅ HTTPS测速成功: https://gcalic.v.myalicdn.com/gc/hlwxt_1/index.m3u8
   速度: 314.45KB/s | 数据量: 0.3KB | 总耗时: 0.90s | 证书: 有效
[2026-09-29 01:47:15] ✅ 通过阈值 HTTP测速: http://120.76.248.139/live/bfgd/4200000147.m3u8
   速度: 862.30KB/s | 数据量: 0.9KB | 总耗时: 0.51s | 阈值: 300KB/s
[2026-09-29 01:47:15] ✅ HTTPS测速成功: https://alimov2.a.kwimgs.com/upic/2023/01/13/20/BMjAyMzAxMTMyMDA5MjJfNDAzMDAxOTlfOTM0OTkwNDQzNTNfMF8z_b_Bd7346962e61bd7b84e11a1fa6e4616f9.mp4
   速度: 63073.00KB/s | 数据量: 315392.0KB | 总耗时: 5.07s | 证书: 有效
[2026-09-29 01:47:15] 🚫 未达阈值 HTTP测速: http://120.76.248.139/live/bfgd/4200000149.m3u8
   速度: 0.98KB/s | 数据量: 0.0KB | 总耗时: 0.62s | 阈值: 300KB/s
[2026-09-29 01:47:15] ✅ 通过阈值 HTTP测速: http://ottproxy2.ist.ooo/livehls/MOB-U1-NO/03.m3u8
   速度: 328.12KB/s | 数据量: 0.3KB | 总耗时: 0.52s | 阈值: 300KB/s
[2026-09-29 01:47:15] ✅ HTTPS测速成功: https://alimov2.a.kwimgs.com/upic/2023/01/16/11/BMjAyMzAxMTYxMTA3MjFfNDAzMDAxOTlfOTM3MjcyMjA3ODhfMF8z_b_B8214200efc869dc6fcf99dad619fa4c1.mp4
   速度: 68115.79KB/s | 数据量: 340992.0KB | 总耗时: 5.09s | 证书: 有效
[2026-09-29 01:47:15] 🚫 未达阈值 HTTP测速: http://utv1.hqtvzb.com:9999/hls/world.m3u8
   速度: 260.74KB/s | 数据量: 0.3KB | 总耗时: 0.82s | 阈值: 300KB/s
[2026-09-29 01:47:16] ✅ HTTPS测速成功: https://alimov2.a.kwimgs.com/upic/2023/01/13/20/BMjAyMzAxMTMyMDA5MjJfNDAzMDAxOTlfOTM0OTkwNDQ2MTZfMF8z_b_B4851f43f5a2bc2871a9b0ec87294a6e7.mp4
   速度: 70036.36KB/s | 数据量: 350208.0KB | 总耗时: 5.07s | 证书: 有效
[2026-09-29 01:47:16] 🚫 未达阈值 HTTP测速: http://120.76.248.139/live/bfgd/4200000146.m3u8
   速度: 0.98KB/s | 数据量: 0.0KB | 总耗时: 0.64s | 阈值: 300KB/s
[2026-09-29 01:47:16] ✅ HTTPS测速成功: https://alimov2.a.kwimgs.com/upic/2023/01/13/20/BMjAyMzAxMTMyMDA5MjJfNDAzMDAxOTlfOTM0OTkwNDQ2NDhfMF8z_b_B6527b0c2ce3dda1d9b3f34edd4fdb9aa.mp4
   速度: 75570.31KB/s | 数据量: 377856.0KB | 总耗时: 5.07s | 证书: 有效
[2026-09-29 01:47:16] ✅ HTTPS测速成功: https://alimov2.a.kwimgs.com/upic/2022/01/30/17/BMjAyMjAxMzAxNzA5NDdfNDAzMDAxOTlfNjYxNzQ2MDAyMTFfMF8z_b_B5d51d9564c5670dc66faeba20aa7af3f.mp4
   速度: 76702.96KB/s | 数据量: 384000.0KB | 总耗时: 5.09s | 证书: 有效
[2026-09-29 01:47:16] ✅ HTTPS测速成功: https://alimov2.a.kwimgs.com/upic/2022/01/30/17/BMjAyMjAxMzAxNzE4NTJfNDAzMDAxOTlfNjYxNzUzOTg3NjlfMF8z_b_Be41d9503181d7b0608a839ed401e02c2.mp4
   速度: 80806.60KB/s | 数据量: 404480.0KB | 总耗时: 5.07s | 证书: 有效
[2026-09-29 01:47:16] ✅ HTTPS测速成功: https://gcalic.v.myalicdn.com/gc/wgw05_1/index.m3u8?contentid=2820180516001
   速度: 326.17KB/s | 数据量: 0.3KB | 总耗时: 0.95s | 证书: 有效
[2026-09-29 01:47:16] ✅ HTTPS测速成功: https://alimov2.a.kwimgs.com/upic/2022/02/01/11/BMjAyMjAyMDExMTEwMjNfNDAzMDAxOTlfNjYzNzA4MTk4NzNfMF8z_b_B898cc7ddd0025bf54ddb18ec1f723c84.mp4
   速度: 83697.64KB/s | 数据量: 418816.0KB | 总耗时: 5.09s | 证书: 有效
[2026-09-29 01:47:16] ✅ 通过阈值 HTTP测速: http://tvcdn.stream3.hndt.com/tv/65bef28a017e10009c49d5f900000000_transios/playlist.m3u8?wsSecret=7f1d53d777f10c29c229baca73d9b3c3&wsTime=1790629455
   速度: 348.63KB/s | 数据量: 0.3KB | 总耗时: 0.01s | 阈值: 300KB/s
[2026-09-29 01:47:17] ✅ HTTPS测速成功: https://gcalic.v.myalicdn.com/gc/mdjxxdsb_1/index.m3u8
   速度: 334.96KB/s | 数据量: 0.3KB | 总耗时: 0.90s | 证书: 有效
[2026-09-29 01:47:17] ✅ HTTPS测速成功: https://gcalic.v.myalicdn.com/gc/mdjxxmhjyxj_1/index.m3u8
   速度: 343.75KB/s | 数据量: 0.3KB | 总耗时: 0.87s | 证书: 有效
[2026-09-29 01:47:17] ✅ HTTPS测速成功: https://gcalic.v.myalicdn.com/gc/hgsspzxdpb_1/index.m3u8
   速度: 344.73KB/s | 数据量: 0.3KB | 总耗时: 0.93s | 证书: 有效
[2026-09-29 01:47:17] ✅ 通过阈值 HTTP测速: http://tvcdn.stream3.hndt.com/tv/65c4a6d5017e1000b2b6ea2500000000_transios/playlist.m3u8?wsSecret=4e74d7940d222c65450df6a0295c7468&wsTime=1790629455
   速度: 349.61KB/s | 数据量: 0.3KB | 总耗时: 1.10s | 阈值: 300KB/s
[2026-09-29 01:47:17] ✅ 通过阈值 HTTP测速: http://tvcdn.stream3.hndt.com/tv/65bb6966017e100059b75a8500000000_transios/playlist.m3u8?wsSecret=9f86846fe7716998abd5f2b57197dba3&wsTime=1790629455
   速度: 348.63KB/s | 数据量: 0.3KB | 总耗时: 1.02s | 阈值: 300KB/s
[2026-09-29 01:47:17] ✅ 通过阈值 HTTP测速: http://tvcdn.stream3.hndt.com/tv/65c3fbc5017e1000fde13faa00000000_transios/playlist.m3u8?wsSecret=85efc9864bc48b56da9ad2de3896dcf0&wsTime=1790629455
   速度: 348.63KB/s | 数据量: 0.3KB | 总耗时: 1.02s | 阈值: 300KB/s
[2026-09-29 01:47:18] ✅ HTTPS测速成功: https://gcalic.v.myalicdn.com/gc/wgw03_1/index.m3u8
   速度: 314.45KB/s | 数据量: 0.3KB | 总耗时: 1.00s | 证书: 有效
[2026-09-29 01:47:18] ✅ HTTPS测速成功: https://gcalic.v.myalicdn.com/gc/wgw01_1/index.m3u8
   速度: 314.45KB/s | 数据量: 0.3KB | 总耗时: 1.04s | 证书: 有效
[2026-09-29 01:47:18] ✅ 通过阈值 HTTP测速: http://8.138.7.223/tv/cwjd.php
   速度: 334.96KB/s | 数据量: 0.3KB | 总耗时: 2.47s | 阈值: 300KB/s
[2026-09-29 01:47:18] ✅ 通过阈值 HTTP测速: http://tvcdn.stream3.hndt.com/tv/65b93894017e10000ae6b07d00000000_transios/playlist.m3u8?wsSecret=77c72f53ff418d78795aedf1f090bc15&wsTime=1790629455
   速度: 347.66KB/s | 数据量: 0.3KB | 总耗时: 1.01s | 阈值: 300KB/s
[2026-09-29 01:47:18] ✅ 通过阈值 HTTP测速: http://tvcdn.stream3.hndt.com/tv/65be54a9017e1000af59fb4800000000_transios/playlist.m3u8?wsSecret=b179b27c467632d4263e3451c80abce9&wsTime=1790629455
   速度: 348.63KB/s | 数据量: 0.3KB | 总耗时: 1.51s | 阈值: 300KB/s
[2026-09-29 01:47:18] 🚫 未达阈值 HTTP测速: http://204.12.221.218:8181/3m1080p/cctv1.m3u8
   速度: 205.08KB/s | 数据量: 0.2KB | 总耗时: 0.15s | 阈值: 300KB/s
[2026-09-29 01:47:18] ✅ 通过阈值 HTTP测速: http://tvcdn.stream3.hndt.com/tv/65bd329b017e1000648cd2ed00000000_transios/playlist.m3u8?wsSecret=7ef0d115f1d966a702f0d50301e92610&wsTime=1790629455
   速度: 348.63KB/s | 数据量: 0.3KB | 总耗时: 1.01s | 阈值: 300KB/s
[2026-09-29 01:47:18] 🚫 未达阈值 HTTP测速: http://173.208.212.130:8181/720p/cctv1.m3u8
   速度: 205.08KB/s | 数据量: 0.2KB | 总耗时: 0.14s | 阈值: 300KB/s
[2026-09-29 01:47:18] 🚫 未达阈值 HTTP测速: http://38.75.136.137:98/gslb/dsdqbv/cctv1hd.m3u8?auth=test20251009
   速度: 205.08KB/s | 数据量: 0.2KB | 总耗时: 0.19s | 阈值: 300KB/s
[2026-09-29 01:47:18] 🚫 未达阈值 HTTP测速: http://219.147.245.238:25480/newlive/live/hls/1/live.m3u8
   速度: 226.56KB/s | 数据量: 0.2KB | 总耗时: 0.57s | 阈值: 300KB/s
[2026-09-29 01:47:18] 🚫 未达阈值 HTTP测速: http://113.57.140.161:10081/newlive/live/hls/1/live.m3u8
   速度: 232.42KB/s | 数据量: 0.2KB | 总耗时: 0.51s | 阈值: 300KB/s
[2026-09-29 01:47:18] ✅ 通过阈值 HTTP测速: http://tvcdn.stream3.hndt.com/tv/65b8302b017e100019dc540f00000000_transios/playlist.m3u8?wsSecret=499d49328ab2835834e2d6d8ee7f4433&wsTime=1790629455
   速度: 347.66KB/s | 数据量: 0.3KB | 总耗时: 1.51s | 阈值: 300KB/s
[2026-09-29 01:47:18] 🚫 未达阈值 HTTP测速: http://38.75.136.137:98/gslb/dsdqpub/cctv5p.m3u8?auth=testpub
   速度: 198.24KB/s | 数据量: 0.2KB | 总耗时: 0.20s | 阈值: 300KB/s
[2026-09-29 01:47:19] 🚫 未达阈值 HTTP测速: http://173.208.234.146/live/cctv5p.m3u8
   速度: 178.71KB/s | 数据量: 0.2KB | 总耗时: 0.14s | 阈值: 300KB/s
[2026-09-29 01:47:19] ✅ 通过阈值 HTTP测速: http://tvcdn.stream3.hndt.com/tv/647f9277018410008cf925e200000000_transios/playlist.m3u8?wsSecret=ad8824fd3e0d259ab175806bf459dc37&wsTime=1790629455
   速度: 348.63KB/s | 数据量: 0.3KB | 总耗时: 1.01s | 阈值: 300KB/s
[2026-09-29 01:47:19] 🚫 未达阈值 HTTP测速: http://58.56.162.102:4466/newlive/live/hls/4/live.m3u8
   速度: 232.42KB/s | 数据量: 0.2KB | 总耗时: 0.51s | 阈值: 300KB/s
[2026-09-29 01:47:19] ✅ HTTPS测速成功: https://dxtx.hntv.tv/live/wssj.m3u8?txSecret=c38b4d31ba4c45c6babb5c47132123e3&txTime=7ABB976A&wsSecret=1343f7381d2c3ba3f9c68b4f2281b254&wsTime=1790629455
   速度: 280.27KB/s | 数据量: 0.3KB | 总耗时: 0.86s | 证书: 有效
[2026-09-29 01:47:19] ✅ 通过阈值 HTTP测速: http://153.0.171.163:85/tsfile/live/1015_1.m3u8?key=txiptv&playlive=1&authid=0
   速度: 422.85KB/s | 数据量: 0.4KB | 总耗时: 0.53s | 阈值: 300KB/s
[2026-09-29 01:47:19] 🚫 未达阈值 HTTP测速: http://173.208.212.130:8181/720p/cctv8.m3u8
   速度: 205.08KB/s | 数据量: 0.2KB | 总耗时: 0.14s | 阈值: 300KB/s
[2026-09-29 01:47:19] 🚫 未达阈值 HTTP测速: http://198.204.228.26/live/cctv9hd.m3u8
   速度: 198.24KB/s | 数据量: 0.2KB | 总耗时: 0.15s | 阈值: 300KB/s
[2026-09-29 01:47:19] ✅ HTTPS测速成功: https://dxtx.hntv.tv/live/wwbk.m3u8?txSecret=317b89626134fd6bea6e129455b5ff18&txTime=7C4C635C&wsSecret=47a9febc8211bbebe6379ae85de8a082&wsTime=1790629455
   速度: 280.27KB/s | 数据量: 0.3KB | 总耗时: 1.05s | 证书: 有效
[2026-09-29 01:47:19] 🚫 未达阈值 HTTP测速: http://221.226.51.220:50081/newlive/live/hls/9/live.m3u8
   速度: 196.29KB/s | 数据量: 0.2KB | 总耗时: 0.47s | 阈值: 300KB/s
[2026-09-29 01:47:19] 🚫 未达阈值 HTTP测速: http://74.91.26.218:82/live/cctv10hd.m3u8
   速度: 208.01KB/s | 数据量: 0.2KB | 总耗时: 0.14s | 阈值: 300KB/s
[2026-09-29 01:47:19] ✅ HTTPS测速成功: https://dxtx.hntv.tv/live/jczy.m3u8?txSecret=e785008e49564e5e738439b4dd2ae68e&txTime=7C4C6207&wsSecret=4ff579d022d7ce0c0e66c619da16a1b4&wsTime=1790629455
   速度: 280.27KB/s | 数据量: 0.3KB | 总耗时: 1.17s | 证书: 有效
[2026-09-29 01:47:19] 🚫 未达阈值 HTTP测速: http://38.75.136.137:98/gslb/dsdqbv/cctv10hd.m3u8?auth=test20251009
   速度: 208.01KB/s | 数据量: 0.2KB | 总耗时: 0.19s | 阈值: 300KB/s
[2026-09-29 01:47:19] 🚫 未达阈值 HTTP测速: http://204.12.221.218:8181/3m1080p/cctv14.m3u8
   速度: 208.01KB/s | 数据量: 0.2KB | 总耗时: 0.14s | 阈值: 300KB/s
[2026-09-29 01:47:19] ✅ 通过阈值 HTTP测速: http://tvcdn.stream3.hndt.com/tv/65ba653b017e1000d4ee41c700000000_transios/playlist.m3u8?wsSecret=45110a49e5e0fbd5679138ce2232f57d&wsTime=1790629455
   速度: 348.63KB/s | 数据量: 0.3KB | 总耗时: 1.51s | 阈值: 300KB/s
[2026-09-29 01:47:19] 🚫 未达阈值 HTTP测速: http://38.75.136.137:98/gslb/dsdqbv/cctv17hd.m3u8?auth=test20251009
   速度: 208.01KB/s | 数据量: 0.2KB | 总耗时: 0.19s | 阈值: 300KB/s
[2026-09-29 01:47:19] 🚫 未达阈值 HTTP测速: http://bztv.tvbus.cc:8081/cdnlive/cctv8.m3u8
   速度: 205.08KB/s | 数据量: 0.2KB | 总耗时: 0.64s | 阈值: 300KB/s
[2026-09-29 01:47:20] 🚫 未达阈值 HTTP测速: http://207.56.13.146:81/cdnlive/cctv5.m3u8
   速度: 167.97KB/s | 数据量: 0.2KB | 总耗时: 1.31s | 阈值: 300KB/s
[2026-09-29 01:47:20] ✅ 通过阈值 HTTP测速: http://120.238.94.82:9901/tsfile/live/1030_1.m3u8
   速度: 422.85KB/s | 数据量: 0.4KB | 总耗时: 0.55s | 阈值: 300KB/s
[2026-09-29 01:47:20] ✅ 通过阈值 HTTP测速: http://hlsztemgsplive.miguvideo.com:8080/migu/kailu/20200324/cctv7hd/50/index.m3u8?msisdn=2026092722012451149459754748e18ab2d24cb9fd4c55&mdspid=&spid=699004&netType=0&sid=5501083622&pid=2028597139&timestamp=20260927220124&Channel_ID=0116_2600000900-99000-201600010010027&ProgramID=673168121&ParentNodeID=-99&assertID=5501083622&client_ip=171.8.79.254&SecurityKey=20260927220124&promotionId=&mvid=5102910278&mcid=500020&playurlVersion=WX-A1-9.9.2-SNAPSHOT&userid=&jmhm=&videocodec=h264&appCode=miguvideo_android&bean=mgspad&tid=android&conFee=0&encrypt=7ef509534f9806991b9c9d24107f4717
   速度: 7309.57KB/s | 数据量: 7.3KB | 总耗时: 0.10s | 阈值: 300KB/s
[2026-09-29 01:47:20] ✅ 通过阈值 HTTP测速: http://hlsztemgsplive.miguvideo.com:8080/wd_r2/cctv/cctv4hd/600/index.m3u8?msisdn=20260927220114ed2d67360190415d85973e5fba4eb7e4&mdspid=&spid=699004&netType=0&sid=5500346947&pid=2028597139&timestamp=20260927220114&Channel_ID=0116_2600000900-99000-201600010010027&ProgramID=631780421&ParentNodeID=-99&assertID=5500346947&client_ip=171.8.79.254&SecurityKey=20260927220114&promotionId=&mvid=5101064235&mcid=500020&playurlVersion=WX-A1-9.9.2-SNAPSHOT&userid=&jmhm=&videocodec=h264&appCode=miguvideo_android&bean=mgspad&tid=android&conFee=0&encrypt=f59b8d97b81bb4933d1dc387b4af83e5
   速度: 7309.57KB/s | 数据量: 7.3KB | 总耗时: 0.35s | 阈值: 300KB/s
[2026-09-29 01:47:20] ✅ 通过阈值 HTTP测速: http://hlsztemgsplive.miguvideo.com:8080/wd_r2/cctv/cctv2hd/600/index.m3u8?msisdn=20260927220107881bae0e69be42fe9185afbdf03d30c4&mdspid=&spid=699004&netType=0&sid=5500346945&pid=2028597139&timestamp=20260927220107&Channel_ID=0116_2600000900-99000-201600010010027&ProgramID=631780532&ParentNodeID=-99&assertID=5500346945&client_ip=171.8.79.254&SecurityKey=20260927220107&promotionId=&mvid=5101064231&mcid=500020&playurlVersion=WX-A1-9.9.2-SNAPSHOT&userid=&jmhm=&videocodec=h264&appCode=miguvideo_android&bean=mgspad&tid=android&conFee=0&encrypt=744b049a3fc2e84dd8c2dd09e6310378
   速度: 7309.57KB/s | 数据量: 7.3KB | 总耗时: 0.39s | 阈值: 300KB/s
[2026-09-29 01:47:20] ✅ 通过阈值 HTTP测速: http://hlsztemgsplive.miguvideo.com:8080/wd_r2/2018/ocn/cctv10hd/1000/index.m3u8?msisdn=20260927220135e52de29ca65a4dbaaea9ce1da955bad5&mdspid=&spid=699004&netType=0&sid=5500212874&pid=2028597139&timestamp=20260927220135&Channel_ID=0116_2600000900-99000-201600010010027&ProgramID=624878405&ParentNodeID=-99&assertID=5500212874&client_ip=171.8.79.254&SecurityKey=20260927220135&promotionId=&mvid=5100001696&mcid=500020&playurlVersion=WX-A1-9.9.2-SNAPSHOT&userid=&jmhm=&videocodec=h264&appCode=miguvideo_android&bean=mgspad&tid=android&conFee=0&encrypt=fb7ead48075fbffb19931e2bbeaca9ac
   速度: 7309.57KB/s | 数据量: 7.3KB | 总耗时: 0.52s | 阈值: 300KB/s
[2026-09-29 01:47:20] 🚫 未达阈值 HTTP测速: http://207.56.13.146:81/cdnlive/cctv7.m3u8
   速度: 168.95KB/s | 数据量: 0.2KB | 总耗时: 1.28s | 阈值: 300KB/s
[2026-09-29 01:47:20] 🚫 未达阈值 HTTP测速: http://207.56.13.146:81/cdnlive/cctv8.m3u8
   速度: 167.97KB/s | 数据量: 0.2KB | 总耗时: 1.33s | 阈值: 300KB/s
[2026-09-29 01:47:20] ✅ 通过阈值 HTTP测速: http://hlsztemgsplive.miguvideo.com:8080/migu/kailu/20200324/cctv9hd/50/index.m3u8?msisdn=2026092722030083a7e10304b34baa963b553ac370ef52&mdspid=&spid=699004&netType=0&sid=5501083624&pid=2028597139&timestamp=20260927220300&Channel_ID=0116_2600000900-99000-201600010010027&ProgramID=673168140&ParentNodeID=-99&assertID=5501083624&client_ip=171.8.79.254&SecurityKey=20260927220300&promotionId=&mvid=5102910384&mcid=500020&playurlVersion=WX-A1-9.9.2-SNAPSHOT&userid=&jmhm=&videocodec=h264&appCode=miguvideo_android&bean=mgspad&tid=android&conFee=0&encrypt=7db5879d27cb053bf134a67321b1dc3c
   速度: 7309.57KB/s | 数据量: 7.3KB | 总耗时: 0.27s | 阈值: 300KB/s
[2026-09-29 01:47:20] ✅ 通过阈值 HTTP测速: http://hlsztemgsplive.miguvideo.com:8080/migu/kailu/20200324/cctv4meihd/50/index.m3u8?msisdn=2026092722030267685a84aa9140db9ec925182b8aba53&mdspid=&spid=699004&netType=0&sid=2200179344&pid=2028597139&timestamp=20260927220302&Channel_ID=0116_2600000900-99000-201600010010027&ProgramID=608807416&ParentNodeID=-99&assertID=2200179344&client_ip=171.8.79.254&SecurityKey=20260927220302&promotionId=&mvid=2200179344&mcid=500020&playurlVersion=WX-A1-9.9.2-SNAPSHOT&userid=&jmhm=&videocodec=h264&appCode=miguvideo_android&bean=mgspad&tid=android&conFee=0&encrypt=d442828f74e1858e29a66a0e2d248b6a
   速度: 7309.57KB/s | 数据量: 7.3KB | 总耗时: 0.19s | 阈值: 300KB/s
[2026-09-29 01:47:20] ✅ 通过阈值 HTTP测速: http://hlsztemgsplive.miguvideo.com:8080/migu/kailu/20200324/cctv12hd/50/index.m3u8?msisdn=20260927220301d2420bbd55504eca9e1005cf0d50297d&mdspid=&spid=699004&netType=0&sid=5501083627&pid=2028597139&timestamp=20260927220301&Channel_ID=0116_2600000900-99000-201600010010027&ProgramID=673168185&ParentNodeID=-99&assertID=5501083627&client_ip=171.8.79.254&SecurityKey=20260927220301&promotionId=&mvid=5102910389&mcid=500020&playurlVersion=WX-A1-9.9.2-SNAPSHOT&userid=&jmhm=&videocodec=h264&appCode=miguvideo_android&bean=mgspad&tid=android&conFee=0&encrypt=971985442bebac617c5321c7d4264766
   速度: 7309.57KB/s | 数据量: 7.3KB | 总耗时: 0.27s | 阈值: 300KB/s
[2026-09-29 01:47:20] ✅ 通过阈值 HTTP测速: http://hlsztemgsplive.miguvideo.com:8080/wd_r2/2018/ocn/cctv14hd/1000/index.m3u8?msisdn=20260927220142bd7fcee41255442b99689fef23551251&mdspid=&spid=699004&netType=0&sid=5500212875&pid=2028597139&timestamp=20260927220142&Channel_ID=0116_2600000900-99000-201600010010027&ProgramID=624878440&ParentNodeID=-99&assertID=5500212875&client_ip=171.8.79.254&SecurityKey=20260927220142&promotionId=&mvid=5100001697&mcid=500020&playurlVersion=WX-A1-9.9.2-SNAPSHOT&userid=&jmhm=&videocodec=h264&appCode=miguvideo_android&bean=mgspad&tid=android&conFee=0&encrypt=764765309ce771d488a84273f3c51356
   速度: 7309.57KB/s | 数据量: 7.3KB | 总耗时: 0.27s | 阈值: 300KB/s
[2026-09-29 01:47:20] ✅ 通过阈值 HTTP测速: http://hlsztemgsplive.miguvideo.com:8080/envivo_x/2018/SD/cctv13/1000/index.m3u8?msisdn=20260927220301705814d6b6154130a151044131bb37b6&mdspid=&spid=699004&netType=0&sid=2202208864&pid=2028597139&timestamp=20260927220301&Channel_ID=0116_2600000900-99000-201600010010027&ProgramID=608807423&ParentNodeID=-99&assertID=2202208864&client_ip=171.8.79.254&SecurityKey=20260927220301&promotionId=&mvid=2202208864&mcid=500020&playurlVersion=WX-A1-9.9.2-SNAPSHOT&userid=&jmhm=&videocodec=h264&appCode=miguvideo_android&bean=mgspad&tid=android&conFee=0&encrypt=d8f843e9cd82b8e8ff640e9e0317ff27
   速度: 7309.57KB/s | 数据量: 7.3KB | 总耗时: 0.28s | 阈值: 300KB/s
[2026-09-29 01:47:20] ✅ 通过阈值 HTTP测速: http://hlsztemgsplive.miguvideo.com:8080/migu/kailu/cctv11hd/50/20200103/index.m3u8?msisdn=20260927220300560b5a93987444508376069c73149814&mdspid=&spid=699004&netType=0&sid=5500988610&pid=2028597139&timestamp=20260927220300&Channel_ID=0116_2600000900-99000-201600010010027&ProgramID=667987558&ParentNodeID=-99&assertID=5500988610&client_ip=171.8.79.254&SecurityKey=20260927220300&promotionId=&mvid=5102751362&mcid=500020&playurlVersion=WX-A1-9.9.2-SNAPSHOT&userid=&jmhm=&videocodec=h264&appCode=miguvideo_android&bean=mgspad&tid=android&conFee=0&encrypt=2575682aad6e8eec58260f14a58b31eb
   速度: 7309.57KB/s | 数据量: 7.3KB | 总耗时: 0.31s | 阈值: 300KB/s
[2026-09-29 01:47:20] ✅ 通过阈值 HTTP测速: http://hlsztemgsplive.miguvideo.com:8080/wd_r2/2018/ocn/cctv6hd/1000/index.m3u8?msisdn=20260927220300a05079d3e0e34ff6ad036b17f9960d2c&mdspid=&spid=699004&netType=0&sid=5500212872&pid=2028597139&timestamp=20260927220300&Channel_ID=0116_2600000900-99000-201600010010027&ProgramID=624878396&ParentNodeID=-99&assertID=5500212872&client_ip=171.8.79.254&SecurityKey=20260927220300&promotionId=&mvid=5100001694&mcid=500020&playurlVersion=WX-A1-9.9.2-SNAPSHOT&userid=&jmhm=&videocodec=h264&appCode=miguvideo_android&bean=mgspad&tid=android&conFee=0&encrypt=c06dcc36ca8a42fe57ac66e7aa363e0a
   速度: 7309.57KB/s | 数据量: 7.3KB | 总耗时: 0.10s | 阈值: 300KB/s
[2026-09-29 01:47:20] ✅ 通过阈值 HTTP测速: http://hlsztemgsplive.miguvideo.com:8080/wd_r2/2018/ocn/cctv3hd/1000/index.m3u8?msisdn=2026092722011080c8ff8689424d068d20b763945d959e&mdspid=&spid=699004&netType=0&sid=5500212864&pid=2028597139&timestamp=20260927220110&Channel_ID=0116_2600000900-99000-201600010010027&ProgramID=624878271&ParentNodeID=-99&assertID=5500212864&client_ip=171.8.79.254&SecurityKey=20260927220110&promotionId=&mvid=5100001683&mcid=500020&playurlVersion=WX-A1-9.9.2-SNAPSHOT&userid=&jmhm=&videocodec=h264&appCode=miguvideo_android&bean=mgspad&tid=android&conFee=0&encrypt=99582738bfeb04cd5a18549f77224864
   速度: 7309.57KB/s | 数据量: 7.3KB | 总耗时: 0.11s | 阈值: 300KB/s
[2026-09-29 01:47:20] ✅ 通过阈值 HTTP测速: http://hlsztemgsplive.miguvideo.com:8080/wd_r2/2018/ocn/cctv8hd/1000/index.m3u8?msisdn=20260927220300be6f38e9d02a4a4c98b7f061741dcb4b&mdspid=&spid=699004&netType=0&sid=5500212868&pid=2028597139&timestamp=20260927220300&Channel_ID=0116_2600000900-99000-201600010010027&ProgramID=624878356&ParentNodeID=-99&assertID=5500212868&client_ip=171.8.79.254&SecurityKey=20260927220300&promotionId=&mvid=5100001695&mcid=500020&playurlVersion=WX-A1-9.9.2-SNAPSHOT&userid=&jmhm=&videocodec=h264&appCode=miguvideo_android&bean=mgspad&tid=android&conFee=0&encrypt=585256ab6ea2b4a6ff189125cc627f65
   速度: 7309.57KB/s | 数据量: 7.3KB | 总耗时: 0.12s | 阈值: 300KB/s
[2026-09-29 01:47:20] ✅ 通过阈值 HTTP测速: http://hlsztemgsplive.miguvideo.com:8080/migu/kailu/20200324/cctv15hd/50/index.m3u8?msisdn=202609272203010ca89bbec1de4e14b92b59244bafdce6&mdspid=&spid=699004&netType=0&sid=5501083628&pid=2028597139&timestamp=20260927220301&Channel_ID=0116_2600000900-99000-201600010010027&ProgramID=673168223&ParentNodeID=-99&assertID=5501083628&client_ip=171.8.79.254&SecurityKey=20260927220301&promotionId=&mvid=5102910391&mcid=500020&playurlVersion=WX-A1-9.9.2-SNAPSHOT&userid=&jmhm=&videocodec=h264&appCode=miguvideo_android&bean=mgspad&tid=android&conFee=0&encrypt=001390983865a133576fd8c73c3c0eb7
   速度: 7309.57KB/s | 数据量: 7.3KB | 总耗时: 0.14s | 阈值: 300KB/s
[2026-09-29 01:47:20] 🚫 未达阈值 HTTP测速: http://207.56.13.146:81/cdnlive/cctv16.m3u8
   速度: 167.97KB/s | 数据量: 0.2KB | 总耗时: 1.28s | 阈值: 300KB/s
[2026-09-29 01:47:20] ✅ HTTPS测速成功: https://event.pull.hebtv.com/jishi/cp1.m3u8
   速度: 319.34KB/s | 数据量: 0.3KB | 总耗时: 0.90s | 证书: 有效
[2026-09-29 01:47:20] ✅ 通过阈值 HTTP测速: http://hlsztemgsplive.miguvideo.com:8080/migu/kailu/bjws/50/20251127/index.m3u8?msisdn=2026092722030523471cb53d92436b9adee02fb62011b9&mdspid=&spid=600697&netType=0&sid=5910022306&pid=2028597139&timestamp=20260927220305&Channel_ID=0116_2600000900-99000-201600010010027&ProgramID=630287636&ParentNodeID=-99&assertID=5910022306&client_ip=171.8.79.254&SecurityKey=20260927220305&promotionId=&mvid=5101042960&mcid=500020&playurlVersion=WX-A1-9.9.2-SNAPSHOT&userid=&jmhm=&videocodec=h264&appCode=miguvideo_android&bean=mgspad&tid=android&conFee=0&encrypt=de023f57fbf4a9b656875e34a965e78a
   速度: 7309.57KB/s | 数据量: 7.3KB | 总耗时: 0.29s | 阈值: 300KB/s
[2026-09-29 01:47:20] ✅ 通过阈值 HTTP测速: http://hlsztemgsplive.miguvideo.com:8080/wd_r4/dfl/dongfangwshd/600/index.m3u8?msisdn=202609272203042ba2e970bfa746cb990566d3802d2ea0&mdspid=&spid=600697&netType=0&sid=5910022185&pid=2028597139&timestamp=20260927220304&Channel_ID=0116_2600000900-99000-201600010010027&ProgramID=651632648&ParentNodeID=-99&assertID=5910022185&client_ip=171.8.79.254&SecurityKey=20260927220304&promotionId=&mvid=5100043384&mcid=500020&playurlVersion=WX-A1-9.9.2-SNAPSHOT&userid=&jmhm=&videocodec=h264&appCode=miguvideo_android&bean=mgspad&tid=android&conFee=0&encrypt=f8cada7e2af77e7aa8c2a30c7c0eb68a
   速度: 7309.57KB/s | 数据量: 7.3KB | 总耗时: 0.08s | 阈值: 300KB/s
[2026-09-29 01:47:20] ✅ 通过阈值 HTTP测速: http://hlsztemgsplive.miguvideo.com:8080/migu/kailu/20200324/cctv17hd/50/index.m3u8?msisdn=202609272203012b3d5fac366a4482be843991982112e4&mdspid=&spid=699004&netType=0&sid=5501083631&pid=2028597139&timestamp=20260927220301&Channel_ID=0116_2600000900-99000-201600010010027&ProgramID=673168256&ParentNodeID=-99&assertID=5501083631&client_ip=171.8.79.254&SecurityKey=20260927220301&promotionId=&mvid=5102910396&mcid=500020&playurlVersion=WX-A1-9.9.2-SNAPSHOT&userid=&jmhm=&videocodec=h264&appCode=miguvideo_android&bean=mgspad&tid=android&conFee=0&encrypt=ad9802355f7c44211138f8e2bd22ca11
   速度: 7309.57KB/s | 数据量: 7.3KB | 总耗时: 0.34s | 阈值: 300KB/s
[2026-09-29 01:47:20] ✅ 通过阈值 HTTP测速: http://113.25.252.226:9901/tsfile/live/1017_1.m3u8?key=txiptv&playlive=1&authid=0
   速度: 422.85KB/s | 数据量: 0.4KB | 总耗时: 0.60s | 阈值: 300KB/s
[2026-09-29 01:47:20] ✅ HTTPS测速成功: https://event.pull.hebtv.com/jishi/cp2.m3u8
   速度: 319.34KB/s | 数据量: 0.3KB | 总耗时: 0.95s | 证书: 有效
[2026-09-29 01:47:21] ✅ 通过阈值 HTTP测速: http://124.165.251.82:85/tsfile/live/0008_1.m3u8?key=txiptv&playlive=1&authid=0
   速度: 418.95KB/s | 数据量: 0.4KB | 总耗时: 0.53s | 阈值: 300KB/s
[2026-09-29 01:47:21] ✅ 通过阈值 HTTP测速: http://124.165.251.82:85/tsfile/live/0012_1.m3u8?key=txiptv&playlive=1&authid=0
   速度: 423.83KB/s | 数据量: 0.4KB | 总耗时: 0.54s | 阈值: 300KB/s
[2026-09-29 01:47:21] ✅ 通过阈值 HTTP测速: http://113.25.252.226:9901/tsfile/live/1016_1.m3u8?key=txiptv&playlive=1&authid=0
   速度: 422.85KB/s | 数据量: 0.4KB | 总耗时: 0.57s | 阈值: 300KB/s
[2026-09-29 01:47:21] ✅ 通过阈值 HTTP测速: http://113.25.252.226:9901/tsfile/live/1008_1.m3u8?key=txiptv&playlive=1&authid=0
   速度: 422.85KB/s | 数据量: 0.4KB | 总耗时: 0.59s | 阈值: 300KB/s
[2026-09-29 01:47:21] ✅ 通过阈值 HTTP测速: http://hlsztemgsplive.miguvideo.com:8080/wd_r3/2018/nfmedia/nfws/1000/index.m3u8?msisdn=2026092722030526ce36a2824943109f40d5fb7fa2178f&mdspid=&spid=699054&netType=0&sid=2200322852&pid=2028597139&timestamp=20260927220305&Channel_ID=0116_2600000900-99000-201600010010027&ProgramID=608917627&ParentNodeID=-99&assertID=2200322852&client_ip=171.8.79.254&SecurityKey=20260927220305&promotionId=&mvid=2200322852&mcid=500020&playurlVersion=WX-A1-9.9.2-SNAPSHOT&userid=&jmhm=&videocodec=h264&appCode=miguvideo_android&bean=mgspad&tid=android&conFee=0&encrypt=f85ed599da1f61d9e650059cf1b97e52
   速度: 7309.57KB/s | 数据量: 7.3KB | 总耗时: 0.34s | 阈值: 300KB/s
[2026-09-29 01:47:21] ✅ 通过阈值 HTTP测速: http://hlsztemgsplive.miguvideo.com:8080/migu/kailu/dongnanws/50/20230724/index.m3u8?msisdn=2026092722030659ebc5d1632043159af7a0b1a4d35090&mdspid=&spid=600717&netType=0&sid=5910022182&pid=2028597139&timestamp=20260927220306&Channel_ID=0116_2600000900-99000-201600010010027&ProgramID=849116810&ParentNodeID=-99&assertID=5910022182&client_ip=171.8.79.254&SecurityKey=20260927220306&promotionId=&mvid=5900006229&mcid=500020&playurlVersion=WX-A1-9.9.2-SNAPSHOT&userid=&jmhm=&videocodec=h264&appCode=miguvideo_android&bean=mgspad&tid=android&conFee=0&encrypt=9c14763775cae9bb1213e0f56382b237
   速度: 7309.57KB/s | 数据量: 7.3KB | 总耗时: 0.37s | 阈值: 300KB/s
[2026-09-29 01:47:21] ✅ 通过阈值 HTTP测速: http://hlsztemgsplive.miguvideo.com:8080/ws_w/2018/gdws/gdws711/1000/index.m3u8?msisdn=2026092722030579aad015689d4ad2b15f7975228a05bc&mdspid=&spid=699054&netType=0&sid=2202428795&pid=2028597139&timestamp=20260927220305&Channel_ID=0116_2600000900-99000-201600010010027&ProgramID=608831231&ParentNodeID=-99&assertID=2202428795&client_ip=171.8.79.254&SecurityKey=20260927220305&promotionId=&mvid=2202428795&mcid=500020&playurlVersion=WX-A1-9.9.2-SNAPSHOT&userid=&jmhm=&videocodec=h264&appCode=miguvideo_android&bean=mgspad&tid=android&conFee=0&encrypt=89c6dc9a2d637cbbfb991e9b7a1b4f14
   速度: 7309.57KB/s | 数据量: 7.3KB | 总耗时: 0.26s | 阈值: 300KB/s
[2026-09-29 01:47:21] ✅ 通过阈值 HTTP测速: http://hlsztemgsplive.miguvideo.com:8080/wd_r2/2018/ocn/hubeiwshd/1000/index.m3u8?msisdn=2026092722013117e1e22082e74baa869cd41629c022cc&mdspid=&spid=600633&netType=0&sid=5910022163&pid=2028597139&timestamp=20260927220131&Channel_ID=0116_2600000900-99000-201600010010027&ProgramID=947472496&ParentNodeID=-99&assertID=5910022163&client_ip=171.8.79.254&SecurityKey=20260927220131&promotionId=&mvid=5900004355&mcid=500020&playurlVersion=WX-A1-9.9.2-SNAPSHOT&userid=&jmhm=&videocodec=h264&appCode=miguvideo_android&bean=mgspad&tid=android&conFee=0&encrypt=a412ea3d91c87011bd517111c784dff3
   速度: 7309.57KB/s | 数据量: 7.3KB | 总耗时: 0.04s | 阈值: 300KB/s
[2026-09-29 01:47:21] 🚫 未达阈值 HTTP测速: http://204.12.221.218:8181/3m1080p/gzws.m3u8
   速度: 196.29KB/s | 数据量: 0.2KB | 总耗时: 0.15s | 阈值: 300KB/s
[2026-09-29 01:47:21] ✅ 通过阈值 HTTP测速: http://hlsztemgsplive.miguvideo.com:8080/migu/kailu/hbws/50/20251225/index.m3u8?msisdn=20260927220121bce0c39dac3c4972900e32c79372f3bb&mdspid=&spid=600725&netType=0&sid=5910022316&pid=2028597139&timestamp=20260927220121&Channel_ID=0116_2600000900-99000-201600010010027&ProgramID=962042070&ParentNodeID=-99&assertID=5910022316&client_ip=171.8.79.254&SecurityKey=20260927220121&promotionId=&mvid=5900006782&mcid=500020&playurlVersion=WX-A1-9.9.2-SNAPSHOT&userid=&jmhm=&videocodec=h264&appCode=miguvideo_android&bean=mgspad&tid=android&conFee=0&encrypt=eb5a235146ec9e9e24bcc74ab260bdff
   速度: 7309.57KB/s | 数据量: 7.3KB | 总耗时: 0.05s | 阈值: 300KB/s
[2026-09-29 01:47:21] 🚫 未达阈值 HTTP测速: http://113.57.140.161:10081/newlive/live/hls/20/live.m3u8
   速度: 232.42KB/s | 数据量: 0.2KB | 总耗时: 0.49s | 阈值: 300KB/s
[2026-09-29 01:47:21] 🚫 未达阈值 HTTP测速: http://204.12.221.218:8181/3m1080p/hnws.m3u8
   速度: 195.31KB/s | 数据量: 0.2KB | 总耗时: 0.15s | 阈值: 300KB/s
[2026-09-29 01:47:21] ✅ HTTPS测速成功: https://hlscdn.liangtv.cn/live/0c4ef3a44b934cacb8b47121dfada66c/d7e04258157b480dae53883cc6f8123b.m3u8
   速度: 179.69KB/s | 数据量: 0.2KB | 总耗时: 0.54s | 证书: 有效
[2026-09-29 01:47:21] ✅ 通过阈值 HTTP测速: http://hlsztemgsplive.miguvideo.com:8080/envivo_v/2018/SD/jilin/1000/index.m3u8?msisdn=20260927220306e45f87b836374829b1f109d88bac76f1&mdspid=&spid=600633&netType=0&sid=5910022164&pid=2028597139&timestamp=20260927220306&Channel_ID=0116_2600000900-99000-201600010010027&ProgramID=947472500&ParentNodeID=-99&assertID=5910022164&client_ip=171.8.79.254&SecurityKey=20260927220306&promotionId=&mvid=5900004357&mcid=500020&playurlVersion=WX-A1-9.9.2-SNAPSHOT&userid=&jmhm=&videocodec=h264&appCode=miguvideo_android&bean=mgspad&tid=android&conFee=0&encrypt=29293f223aeccda4f7d2cfa242254538
   速度: 7309.57KB/s | 数据量: 7.3KB | 总耗时: 0.20s | 阈值: 300KB/s
[2026-09-29 01:47:21] ✅ 通过阈值 HTTP测速: http://hlsztemgsplive.miguvideo.com:8080/migu/kailu/nxjj/50/20251225/index.m3u8?msisdn=20260927220307b43d9ec50549459fb84f8b3935f286cc&mdspid=&spid=600697&netType=0&sid=5910022409&pid=2028597139&timestamp=20260927220307&Channel_ID=0116_2600000900-99000-201600010010027&ProgramID=738906901&ParentNodeID=-99&assertID=5910022409&client_ip=171.8.79.254&SecurityKey=20260927220307&promotionId=&mvid=5900004349&mcid=500020&playurlVersion=WX-A1-9.9.2-SNAPSHOT&userid=&jmhm=&videocodec=h264&appCode=miguvideo_android&bean=mgspad&tid=android&conFee=0&encrypt=ea0cb6915440d782f8afc44486b425b2
   速度: 7309.57KB/s | 数据量: 7.3KB | 总耗时: 0.37s | 阈值: 300KB/s
[2026-09-29 01:47:21] ✅ 通过阈值 HTTP测速: http://hlsztemgsplive.miguvideo.com:8080/envivo_x/SD/lvyou/711/index.m3u8?msisdn=20260927220117f0f2c2a8a2c2443e8e2cadb8c02b890b&mdspid=&spid=600633&netType=0&sid=5910022165&pid=2028597139&timestamp=20260927220117&Channel_ID=0116_2600000900-99000-201600010010027&ProgramID=947472502&ParentNodeID=-99&assertID=5910022165&client_ip=171.8.79.254&SecurityKey=20260927220117&promotionId=&mvid=5900004359&mcid=500020&playurlVersion=WX-A1-9.9.2-SNAPSHOT&userid=&jmhm=&videocodec=h264&appCode=miguvideo_android&bean=mgspad&tid=android&conFee=0&encrypt=5ab5cac944026dcc542564daa32732b4
   速度: 7309.57KB/s | 数据量: 7.3KB | 总耗时: 0.35s | 阈值: 300KB/s
[2026-09-29 01:47:21] 🚫 未达阈值 HTTP测速: http://58.56.162.102:4466/newlive/live/hls/41/live.m3u8
   速度: 232.42KB/s | 数据量: 0.2KB | 总耗时: 0.51s | 阈值: 300KB/s
[2026-09-29 01:47:21] ✅ 通过阈值 HTTP测速: http://hlsztemgsplive.miguvideo.com:8080/wd-henanwssd-600/index.m3u8?msisdn=202609272203057e36016cb3104ac48c6d8a433144d2ce&mdspid=&spid=600633&netType=0&sid=5910021585&pid=2028597139&timestamp=20260927220305&Channel_ID=0116_2600000900-99000-201600010010027&ProgramID=790187291&ParentNodeID=-99&assertID=5910021585&client_ip=171.8.79.254&SecurityKey=20260927220305&promotionId=&mvid=5900005706&mcid=500020&playurlVersion=WX-A1-9.9.2-SNAPSHOT&userid=&jmhm=&videocodec=h264&appCode=miguvideo_android&bean=mgspad&tid=android&conFee=0&encrypt=b8bf6209898dbf94cab0366ce774cda5
   速度: 7309.57KB/s | 数据量: 7.3KB | 总耗时: 0.32s | 阈值: 300KB/s
[2026-09-29 01:47:21] ✅ 通过阈值 HTTP测速: http://hlsztemgsplive.miguvideo.com:8080/wd_r2/cctv/jiangsuhd/600/index.m3u8?msisdn=202609272201385ce4d8f842134145883112f5994b0c07&mdspid=&spid=699067&netType=0&sid=5500199408&pid=2028597139&timestamp=20260927220138&Channel_ID=0116_2600000900-99000-201600010010027&ProgramID=623899368&ParentNodeID=-99&assertID=5500199408&client_ip=171.8.79.254&SecurityKey=20260927220138&promotionId=&mvid=5100156802&mcid=500020&playurlVersion=WX-A1-9.9.2-SNAPSHOT&userid=&jmhm=&videocodec=h264&appCode=miguvideo_android&bean=mgspad&tid=android&conFee=0&encrypt=ca58afd5b0c181d8a1773f9a242f1d5c
   速度: 7309.57KB/s | 数据量: 7.3KB | 总耗时: 0.02s | 阈值: 300KB/s
[2026-09-29 01:47:21] ✅ 通过阈值 HTTP测速: http://hlsztemgsplive.miguvideo.com:8080/migu/kailu/jxwshd/50/20190820/index.m3u8?msisdn=2026092722030558f8e688bf2c4cf982f8e743809e2f8d&mdspid=&spid=600633&netType=0&sid=5910021492&pid=2028597139&timestamp=20260927220305&Channel_ID=0116_2600000900-99000-201600010010027&ProgramID=783847495&ParentNodeID=-99&assertID=5910021492&client_ip=171.8.79.254&SecurityKey=20260927220305&promotionId=&mvid=5900004351&mcid=500020&playurlVersion=WX-A1-9.9.2-SNAPSHOT&userid=&jmhm=&videocodec=h264&appCode=miguvideo_android&bean=mgspad&tid=android&conFee=0&encrypt=d3836a5fc1687466a5b2b9a2b3816f7d
   速度: 7309.57KB/s | 数据量: 7.3KB | 总耗时: 0.02s | 阈值: 300KB/s
[2026-09-29 01:47:21] ✅ 通过阈值 HTTP测速: http://120.238.94.82:9901/tsfile/live/1009_1.m3u8
   速度: 433.59KB/s | 数据量: 0.4KB | 总耗时: 0.75s | 阈值: 300KB/s
[2026-09-29 01:47:21] 🚫 未达阈值 HTTP测速: http://113.57.140.161:10081/newlive/live/hls/33/live.m3u8
   速度: 232.42KB/s | 数据量: 0.2KB | 总耗时: 0.50s | 阈值: 300KB/s
[2026-09-29 01:47:21] ✅ 通过阈值 HTTP测速: http://hlsztemgsplive.miguvideo.com:8080/envivo_w/2018/SD/qinghai/1000/index.m3u8?msisdn=202609272203063961dee7a42a404380fbbce1bab7df38&mdspid=&spid=600633&netType=0&sid=5910022166&pid=2028597139&timestamp=20260927220306&Channel_ID=0116_2600000900-99000-201600010010027&ProgramID=947472506&ParentNodeID=-99&assertID=5910022166&client_ip=171.8.79.254&SecurityKey=20260927220306&promotionId=&mvid=5900004353&mcid=500020&playurlVersion=WX-A1-9.9.2-SNAPSHOT&userid=&jmhm=&videocodec=h264&appCode=miguvideo_android&bean=mgspad&tid=android&conFee=0&encrypt=9e4e2dc67baa6de9c09afea83f436979
   速度: 7309.57KB/s | 数据量: 7.3KB | 总耗时: 0.06s | 阈值: 300KB/s
[2026-09-29 01:47:21] ✅ 通过阈值 HTTP测速: http://hlsztemgsplive.miguvideo.com:8080/wd_r2/2018/ocn/liaoningwshd/1000/index.m3u8?msisdn=2026092722030524a833ca93e344218de1261ea9f18bae&mdspid=&spid=600572&netType=0&sid=5910022198&pid=2028597139&timestamp=20260927220305&Channel_ID=0116_2600000900-99000-201600010010027&ProgramID=630291707&ParentNodeID=-99&assertID=5910022198&client_ip=171.8.79.254&SecurityKey=20260927220305&promotionId=&mvid=5101043014&mcid=500020&playurlVersion=WX-A1-9.9.2-SNAPSHOT&userid=&jmhm=&videocodec=h264&appCode=miguvideo_android&bean=mgspad&tid=android&conFee=0&encrypt=a18a702110277d9975bb2be18ecb9c6e
   速度: 7309.57KB/s | 数据量: 7.3KB | 总耗时: 0.11s | 阈值: 300KB/s
[2026-09-29 01:47:21] ✅ 通过阈值 HTTP测速: http://hlsztemgsplive.miguvideo.com:8080/envivo_x/2018/SD/ningxia/1000/index.m3u8?msisdn=2026092722030779a80edddff44be1866e9345d3d42272&mdspid=&spid=600697&netType=0&sid=5910022262&pid=2028597139&timestamp=20260927220307&Channel_ID=0116_2600000900-99000-201600010010027&ProgramID=738910535&ParentNodeID=-99&assertID=5910022262&client_ip=171.8.79.254&SecurityKey=20260927220307&promotionId=&mvid=5900004337&mcid=500020&playurlVersion=WX-A1-9.9.2-SNAPSHOT&userid=&jmhm=&videocodec=h264&appCode=miguvideo_android&bean=mgspad&tid=android&conFee=0&encrypt=b488489b8022fa096c2d7dc795504064
   速度: 7309.57KB/s | 数据量: 7.3KB | 总耗时: 0.12s | 阈值: 300KB/s
[2026-09-29 01:47:21] 🚫 未达阈值 HTTP测速: http://107.150.60.122/live/jxwshd.m3u8
   速度: 195.31KB/s | 数据量: 0.2KB | 总耗时: 0.14s | 阈值: 300KB/s
[2026-09-29 01:47:21] 🚫 未达阈值 HTTP测速: http://204.12.221.218:8181/3m1080p/jxws.m3u8
   速度: 195.31KB/s | 数据量: 0.2KB | 总耗时: 0.15s | 阈值: 300KB/s
[2026-09-29 01:47:21] 🚫 未达阈值 HTTP测速: http://122.152.202.33/s/81a8a44f/index.m3u8?id=15
   速度: 187.50KB/s | 数据量: 0.2KB | 总耗时: 0.89s | 阈值: 300KB/s
[2026-09-29 01:47:21] 🚫 未达阈值 HTTP测速: http://63.141.230.178:82/gslb/zbdq5.m3u8?id=jswshd
   速度: 195.31KB/s | 数据量: 0.2KB | 总耗时: 0.22s | 阈值: 300KB/s
[2026-09-29 01:47:21] ✅ 通过阈值 HTTP测速: http://hlsztemgsplive.miguvideo.com:8080/migu/kailu/ssws/50/20251127/index.m3u8?msisdn=20260927220307ae34ccbf127841feb9a0f97bacf19770&mdspid=&spid=600697&netType=0&sid=5910022307&pid=2028597139&timestamp=20260927220307&Channel_ID=0116_2600000900-99000-201600010010027&ProgramID=961023778&ParentNodeID=-99&assertID=5910022307&client_ip=171.8.79.254&SecurityKey=20260927220307&promotionId=&mvid=5900006777&mcid=500020&playurlVersion=WX-A1-9.9.2-SNAPSHOT&userid=&jmhm=&videocodec=h264&appCode=miguvideo_android&bean=mgspad&tid=android&conFee=0&encrypt=ea1823e3582dbc0151ff45258d0207c4
   速度: 7309.57KB/s | 数据量: 7.3KB | 总耗时: 0.12s | 阈值: 300KB/s
[2026-09-29 01:47:21] 🚫 未达阈值 HTTP测速: http://107.150.60.122/live/sdwshd.m3u8
   速度: 190.43KB/s | 数据量: 0.2KB | 总耗时: 0.14s | 阈值: 300KB/s
[2026-09-29 01:47:21] ✅ 通过阈值 HTTP测速: http://hlsztemgsplive.miguvideo.com:8080/migu/kailu/shan3xiws/50/20220809/index.m3u8?msisdn=20260927220128befe37d4b09444ee81695cc353b1e15a&mdspid=&spid=600633&netType=0&sid=5910020475&pid=2028597139&timestamp=20260927220128&Channel_ID=0116_2600000900-99000-201600010010027&ProgramID=738910838&ParentNodeID=-99&assertID=5910020475&client_ip=171.8.79.254&SecurityKey=20260927220128&promotionId=&mvid=5900004331&mcid=500020&playurlVersion=WX-A1-9.9.2-SNAPSHOT&userid=&jmhm=&videocodec=h264&appCode=miguvideo_android&bean=mgspad&tid=android&conFee=0&encrypt=80e669062309b3652a62b325aec137c2
   速度: 7309.57KB/s | 数据量: 7.3KB | 总耗时: 0.11s | 阈值: 300KB/s
[2026-09-29 01:47:21] 🚫 未达阈值 HTTP测速: http://198.204.228.26/live/ssws.m3u8
   速度: 186.52KB/s | 数据量: 0.2KB | 总耗时: 0.15s | 阈值: 300KB/s
[2026-09-29 01:47:21] 🚫 未达阈值 HTTP测速: http://38.75.136.137:98/gslb/dsdqpub/ssws.m3u8?auth=testpub
   速度: 186.52KB/s | 数据量: 0.2KB | 总耗时: 0.19s | 阈值: 300KB/s
[2026-09-29 01:47:22] 🚫 未达阈值 HTTP测速: http://198.204.228.26/live/xzws.m3u8
   速度: 196.29KB/s | 数据量: 0.2KB | 总耗时: 0.14s | 阈值: 300KB/s
[2026-09-29 01:47:22] ✅ 通过阈值 HTTP测速: http://113.25.252.226:9901/tsfile/live/1037_1.m3u8?key=txiptv&playlive=1&authid=0
   速度: 422.85KB/s | 数据量: 0.4KB | 总耗时: 0.61s | 阈值: 300KB/s
[2026-09-29 01:47:22] ✅ 通过阈值 HTTP测速: http://153.0.171.163:9901/tsfile/live/0118_1.m3u8?key=txiptv&playlive=1&authid=0
   速度: 417.97KB/s | 数据量: 0.4KB | 总耗时: 0.54s | 阈值: 300KB/s
[2026-09-29 01:47:22] 🚫 未达阈值 HTTP测速: http://113.57.140.161:10081/newlive/live/hls/37/live.m3u8
   速度: 232.42KB/s | 数据量: 0.2KB | 总耗时: 0.51s | 阈值: 300KB/s
[2026-09-29 01:47:22] ✅ 通过阈值 HTTP测速: http://120.238.94.82:9901/tsfile/live/1065_1.m3u8
   速度: 422.85KB/s | 数据量: 0.4KB | 总耗时: 0.52s | 阈值: 300KB/s
[2026-09-29 01:47:22] ✅ 通过阈值 HTTP测速: http://153.0.171.163:9901/tsfile/live/0135_1.m3u8?key=txiptv&playlive=1&authid=0
   速度: 417.97KB/s | 数据量: 0.4KB | 总耗时: 0.53s | 阈值: 300KB/s
[2026-09-29 01:47:22] 🚫 未达阈值 HTTP测速: http://113.57.140.161:10081/newlive/live/hls/28/live.m3u8
   速度: 232.42KB/s | 数据量: 0.2KB | 总耗时: 0.54s | 阈值: 300KB/s
[2026-09-29 01:47:22] ✅ 通过阈值 HTTP测速: http://hlsztemgsplive.miguvideo.com:8080/wd_r2/cctv/cctv5hdnew/600/index.m3u8?msisdn=202609290003002225dd6f23da40a3af280d719e06cb9b&mdspid=&spid=699004&netType=0&sid=5500516171&pid=2028597139&timestamp=20260929000300&Channel_ID=0116_2600000900-99000-201600010010027&ProgramID=641886683&ParentNodeID=-99&assertID=5500516171&client_ip=171.8.79.254&SecurityKey=20260929000300&promotionId=&mvid=5102048712&mcid=500020&playurlVersion=WX-A1-9.9.2-SNAPSHOT&userid=&jmhm=&videocodec=h264&appCode=miguvideo_android&bean=mgspad&tid=android&conFee=0&encrypt=df65e3379314fa1c234f2eceab9ffce3
   速度: 7309.57KB/s | 数据量: 7.3KB | 总耗时: 0.02s | 阈值: 300KB/s
[2026-09-29 01:47:22] ✅ 通过阈值 HTTP测速: http://hlsztemgsplive.miguvideo.com:8080/migu/kailu/zgnlws/50/20250804/index.m3u8?msisdn=20260927220306df65508a7f3942e390284a37188ed699&mdspid=&spid=600572&netType=0&sid=5910022186&pid=2028597139&timestamp=20260927220306&Channel_ID=0116_2600000900-99000-201600010010027&ProgramID=956904896&ParentNodeID=-99&assertID=5910022186&client_ip=171.8.79.254&SecurityKey=20260927220306&promotionId=&mvid=5900006709&mcid=500020&playurlVersion=WX-A1-9.9.2-SNAPSHOT&userid=&jmhm=&videocodec=h264&appCode=miguvideo_android&bean=mgspad&tid=android&conFee=0&encrypt=00678546b9ae8149c28693ab9b787aa8
   速度: 7309.57KB/s | 数据量: 7.3KB | 总耗时: 0.25s | 阈值: 300KB/s
[2026-09-29 01:47:22] ✅ 通过阈值 HTTP测速: http://hlsztemgsplive.miguvideo.com:8080/wd_r2/cctv/cctv1hd/600/index.m3u8?msisdn=202609282201033e1d9ec9def14d7ba349ed2bdd52eaab&mdspid=&spid=699004&netType=0&sid=2201057821&pid=2028597139&timestamp=20260928220103&Channel_ID=0116_2600000900-99000-201600010010027&ProgramID=608807420&ParentNodeID=-99&assertID=2201057821&client_ip=171.8.79.254&SecurityKey=20260928220103&promotionId=&mvid=2201057821&mcid=500020&playurlVersion=WX-A1-9.9.2-SNAPSHOT&userid=&jmhm=&videocodec=h264&appCode=miguvideo_android&bean=mgspad&tid=android&conFee=0&encrypt=c38c01d94ce85b4ce3c9dd1ba1c64745
   速度: 7309.57KB/s | 数据量: 7.3KB | 总耗时: 0.09s | 阈值: 300KB/s
[2026-09-29 01:47:22] ✅ 通过阈值 HTTP测速: http://hlsztemgsplive.miguvideo.com:8080/wd_r2/cctv/cctv5plusnew/600/index.m3u8?msisdn=202609282203008197a833aeac4fc1807edd6713bcbf3d&mdspid=&spid=699004&netType=0&sid=5500516288&pid=2028597139&timestamp=20260928220300&Channel_ID=0116_2600000900-99000-201600010010027&ProgramID=641886773&ParentNodeID=-99&assertID=5500516288&client_ip=171.8.79.254&SecurityKey=20260928220300&promotionId=&mvid=5102048803&mcid=500020&playurlVersion=WX-A1-9.9.2-SNAPSHOT&userid=&jmhm=&videocodec=h264&appCode=miguvideo_android&bean=mgspad&tid=android&conFee=0&encrypt=c41938ac63fb9428ee498dcc1b1d82f7
   速度: 7309.57KB/s | 数据量: 7.3KB | 总耗时: 0.03s | 阈值: 300KB/s
[2026-09-29 01:47:22] ✅ 通过阈值 HTTP测速: http://hlsztemgsplive.miguvideo.com:8080/migu/kailu/20200324/cctv4ouhd/50/index.m3u8?msisdn=20260928220301b1a1209e78864fe5848c659be049f242&mdspid=&spid=699004&netType=0&sid=2200179315&pid=2028597139&timestamp=20260928220301&Channel_ID=0116_2600000900-99000-201600010010027&ProgramID=608807419&ParentNodeID=-99&assertID=2200179315&client_ip=171.8.79.254&SecurityKey=20260928220301&promotionId=&mvid=2200179315&mcid=500020&playurlVersion=WX-A1-9.9.2-SNAPSHOT&userid=&jmhm=&videocodec=h264&appCode=miguvideo_android&bean=mgspad&tid=android&conFee=0&encrypt=8370a6b593e01c3e97ad84a5f549e701
   速度: 7309.57KB/s | 数据量: 7.3KB | 总耗时: 0.04s | 阈值: 300KB/s
[2026-09-29 01:47:22] ✅ 通过阈值 HTTP测速: http://hlsztemgsplive.miguvideo.com:8080/envivo_v/2018/SD/cctv/doc/1000/index.m3u8?msisdn=20260928220302f49d3f573fa841aaaae22c6d209dc950&mdspid=&spid=699004&netType=0&sid=2200179356&pid=2028597139&timestamp=20260928220302&Channel_ID=0116_2600000900-99000-201600010010027&ProgramID=609006487&ParentNodeID=-99&assertID=2200179356&client_ip=171.8.79.254&SecurityKey=20260928220302&promotionId=&mvid=2200179356&mcid=500020&playurlVersion=WX-A1-9.9.2-SNAPSHOT&userid=&jmhm=&videocodec=h264&appCode=miguvideo_android&bean=mgspad&tid=android&conFee=0&encrypt=482adea878884927b079a806e565c9cc
   速度: 7309.57KB/s | 数据量: 7.3KB | 总耗时: 0.04s | 阈值: 300KB/s
[2026-09-29 01:47:22] ✅ 通过阈值 HTTP测速: http://hlsztemgsplive.miguvideo.com:8080/envivo_v/SD/cctv/alabo/1000/index.m3u8?msisdn=20260928220302daed39a02bfc4e76a8065fe09c78b88e&mdspid=&spid=699004&netType=0&sid=2200179303&pid=2028597139&timestamp=20260928220302&Channel_ID=0116_2600000900-99000-201600010010027&ProgramID=609154345&ParentNodeID=-99&assertID=2200179303&client_ip=171.8.79.254&SecurityKey=20260928220302&promotionId=&mvid=2200179303&mcid=500020&playurlVersion=WX-A1-9.9.2-SNAPSHOT&userid=&jmhm=&videocodec=h264&appCode=miguvideo_android&bean=mgspad&tid=android&conFee=0&encrypt=4ed09e7c009861161e002df20b1f8dd9
   速度: 7309.57KB/s | 数据量: 7.3KB | 总耗时: 0.03s | 阈值: 300KB/s
[2026-09-29 01:47:22] ✅ 通过阈值 HTTP测速: http://hlsztemgsplive.miguvideo.com:8080/envivo_v/2018/SD/cctv/xibanya/1000/index.m3u8?msisdn=2026092822030270f1f0d9c4434eeabc145a07fb22ef06&mdspid=&spid=699004&netType=0&sid=2200179337&pid=2028597139&timestamp=20260928220302&Channel_ID=0116_2600000900-99000-201600010010027&ProgramID=609006450&ParentNodeID=-99&assertID=2200179337&client_ip=171.8.79.254&SecurityKey=20260928220302&promotionId=&mvid=2200179337&mcid=500020&playurlVersion=WX-A1-9.9.2-SNAPSHOT&userid=&jmhm=&videocodec=h264&appCode=miguvideo_android&bean=mgspad&tid=android&conFee=0&encrypt=b2759585879f36e41087e2e667be9433
   速度: 7309.57KB/s | 数据量: 7.3KB | 总耗时: 0.03s | 阈值: 300KB/s
[2026-09-29 01:47:22] ✅ 通过阈值 HTTP测速: http://hlsztemgsplive.miguvideo.com:8080/envivo_v/2018/SD/cctv/fayu/1000/index.m3u8?msisdn=20260928220302472a21be991b41469d0a3b421ff5ac6c&mdspid=&spid=699004&netType=0&sid=2200179324&pid=2028597139&timestamp=20260928220302&Channel_ID=0116_2600000900-99000-201600010010027&ProgramID=609006476&ParentNodeID=-99&assertID=2200179324&client_ip=171.8.79.254&SecurityKey=20260928220302&promotionId=&mvid=2200179324&mcid=500020&playurlVersion=WX-A1-9.9.2-SNAPSHOT&userid=&jmhm=&videocodec=h264&appCode=miguvideo_android&bean=mgspad&tid=android&conFee=0&encrypt=81ed45eebfe0ee6fbf96b2870676b036
   速度: 7309.57KB/s | 数据量: 7.3KB | 总耗时: 0.02s | 阈值: 300KB/s
[2026-09-29 01:47:22] ✅ 通过阈值 HTTP测速: http://live.zohi.tv/video/s10001-fztv-3/index.m3u8
   速度: 498.05KB/s | 数据量: 0.5KB | 总耗时: 1.75s | 阈值: 300KB/s
[2026-09-29 01:47:22] ✅ 通过阈值 HTTP测速: http://hlsztemgsplive.miguvideo.com:8080/migu/kailu/20210415/cctvzhongxuesheng/50/index.m3u8?msisdn=2026092822030318e60a19d83c45bab9e32b7eeb93f4f5&mdspid=&spid=699004&netType=0&sid=5910019355&pid=2028597139&timestamp=20260928220303&Channel_ID=0116_2600000900-99000-201600010010027&ProgramID=708869532&ParentNodeID=-99&assertID=5910019355&client_ip=171.8.79.254&SecurityKey=20260928220303&promotionId=&mvid=5900002149&mcid=500020&playurlVersion=WX-A1-9.9.2-SNAPSHOT&userid=&jmhm=&videocodec=h264&appCode=miguvideo_android&bean=mgspad&tid=android&conFee=0&encrypt=aca14221e1f06b7f1025e911a1ca1a90
   速度: 7309.57KB/s | 数据量: 7.3KB | 总耗时: 0.32s | 阈值: 300KB/s
[2026-09-29 01:47:22] ✅ 通过阈值 HTTP测速: http://hlsztemgsplive.miguvideo.com:8080/migu/kailu/cctvlaogushi/50/20231109/index.m3u8?msisdn=20260928220303a8f8ef1df7864fe3927bacee646671dc&mdspid=&spid=699004&netType=0&sid=5910022002&pid=2028597139&timestamp=20260928220303&Channel_ID=0116_2600000900-99000-201600010010027&ProgramID=884121956&ParentNodeID=-99&assertID=5910022002&client_ip=171.8.79.254&SecurityKey=20260928220303&promotionId=&mvid=5900006372&mcid=500020&playurlVersion=WX-A1-9.9.2-SNAPSHOT&userid=&jmhm=&videocodec=h264&appCode=miguvideo_android&bean=mgspad&tid=android&conFee=0&encrypt=9efa533afffe409d13540bcd17096798
   速度: 4026.07KB/s | 数据量: 7.3KB | 总耗时: 0.34s | 阈值: 300KB/s
[2026-09-29 01:47:22] ✅ 通过阈值 HTTP测速: http://hlsztemgsplive.miguvideo.com:8080/envivo_v/2018/SD/cctv/eyu/1000/index.m3u8?msisdn=202609282203022fdffb47cd0541ef8c74b5653fb491ca&mdspid=&spid=699004&netType=0&sid=2200179332&pid=2028597139&timestamp=20260928220302&Channel_ID=0116_2600000900-99000-201600010010027&ProgramID=609006446&ParentNodeID=-99&assertID=2200179332&client_ip=171.8.79.254&SecurityKey=20260928220302&promotionId=&mvid=2200179332&mcid=500020&playurlVersion=WX-A1-9.9.2-SNAPSHOT&userid=&jmhm=&videocodec=h264&appCode=miguvideo_android&bean=mgspad&tid=android&conFee=0&encrypt=59483eb9d67fb1538dd38cf935939323
   速度: 7309.57KB/s | 数据量: 7.3KB | 总耗时: 0.34s | 阈值: 300KB/s
[2026-09-29 01:47:22] ✅ 通过阈值 HTTP测速: http://hlsztemgsplive.miguvideo.com:8080/envivo_x/2018/SD/cctvnews/1000/index.m3u8?msisdn=202609282203033a422c98ea854e54be89b8b1f563e0b0&mdspid=&spid=699004&netType=0&sid=2202196407&pid=2028597139&timestamp=20260928220303&Channel_ID=0116_2600000900-99000-201600010010027&ProgramID=609017205&ParentNodeID=-99&assertID=2202196407&client_ip=171.8.79.254&SecurityKey=20260928220303&promotionId=&mvid=2202196407&mcid=500020&playurlVersion=WX-A1-9.9.2-SNAPSHOT&userid=&jmhm=&videocodec=h264&appCode=miguvideo_android&bean=mgspad&tid=android&conFee=0&encrypt=42ac6e9bf3b73b4752eedeb06428281f
   速度: 4603.39KB/s | 数据量: 7.3KB | 总耗时: 0.21s | 阈值: 300KB/s
[2026-09-29 01:47:22] ✅ 通过阈值 HTTP测速: http://hlsztemgsplive.miguvideo.com:8080/wd_r3/cnr/faxianzhilv/1000/index.m3u8?msisdn=20260928220303779dbc1c2cd14b62ad17424ca389866a&mdspid=&spid=699004&netType=0&sid=5500212893&pid=2028597139&timestamp=20260928220303&Channel_ID=0116_2600000900-99000-201600010010027&ProgramID=624878970&ParentNodeID=-99&assertID=5500212893&client_ip=171.8.79.254&SecurityKey=20260928220303&promotionId=&mvid=5100001701&mcid=500020&playurlVersion=WX-A1-9.9.2-SNAPSHOT&userid=&jmhm=&videocodec=h264&appCode=miguvideo_android&bean=mgspad&tid=android&conFee=0&encrypt=9444a5355f0ae894d3e689a5800c1dd1
   速度: 7309.57KB/s | 数据量: 7.3KB | 总耗时: 0.36s | 阈值: 300KB/s
[2026-09-29 01:47:23] ✅ 通过阈值 HTTP测速: http://hlsztemgsplive.miguvideo.com:8080/migu/kailu/sxtyxx/50/20250804/index.m3u8?msisdn=202609282203068d0dc015c45e4e7ea2fc09924ced1e4d&mdspid=&spid=600572&netType=0&sid=5910022189&pid=2028597139&timestamp=20260928220306&Channel_ID=0116_2600000900-99000-201600010010027&ProgramID=956909356&ParentNodeID=-99&assertID=5910022189&client_ip=171.8.79.254&SecurityKey=20260928220306&promotionId=&mvid=5900006712&mcid=500020&playurlVersion=WX-A1-9.9.2-SNAPSHOT&userid=&jmhm=&videocodec=h264&appCode=miguvideo_android&bean=mgspad&tid=android&conFee=0&encrypt=d6db2f3b9bcc97f3497e07a3c00caf83
   速度: 7309.57KB/s | 数据量: 7.3KB | 总耗时: 0.25s | 阈值: 300KB/s
[2026-09-29 01:47:23] ✅ 通过阈值 HTTP测速: http://hlsztemgsplive.miguvideo.com:8080/migu/lunbo/ouzhoubei/50/20240603/index.m3u8?msisdn=20260928220306ee500b6f80694630940f0142aa2b7935&mdspid=&spid=800033&netType=0&sid=5910022136&pid=2028597139&timestamp=20260928220306&Channel_ID=0116_2600000900-99000-201600010010027&ProgramID=915512915&ParentNodeID=-99&assertID=5910022136&client_ip=171.8.79.254&SecurityKey=20260928220306&promotionId=&mvid=5900006618&mcid=500020&playurlVersion=WX-A1-9.9.2-SNAPSHOT&userid=&jmhm=&videocodec=h264&appCode=miguvideo_android&bean=mgspad&tid=android&conFee=0&encrypt=1e44c15bb418d1a3c8a17ef9849fa585
   速度: 7309.57KB/s | 数据量: 7.3KB | 总耗时: 0.23s | 阈值: 300KB/s
[2026-09-29 01:47:23] ✅ 通过阈值 HTTP测速: http://hlsztemgsplive.miguvideo.com:8080/wd_r3/cctv/titanminglan/600/index.m3u8?msisdn=202609282203030fcb194212e647f0a68228807a1ee240&mdspid=&spid=699004&netType=0&sid=5500315687&pid=2028597139&timestamp=20260928220303&Channel_ID=0116_2600000900-99000-201600010010027&ProgramID=629943305&ParentNodeID=-99&assertID=5500315687&client_ip=171.8.79.254&SecurityKey=20260928220303&promotionId=&mvid=5101034219&mcid=500020&playurlVersion=WX-A1-9.9.2-SNAPSHOT&userid=&jmhm=&videocodec=h264&appCode=miguvideo_android&bean=mgspad&tid=android&conFee=0&encrypt=b05cb77788d4bdf98d4f4e716069e809
   速度: 7309.57KB/s | 数据量: 7.3KB | 总耗时: 0.25s | 阈值: 300KB/s
[2026-09-29 01:47:23] ✅ 通过阈值 HTTP测速: http://hlsztemgsplive.miguvideo.com:8080/wd_r3/cctv/saishijingdian/600/index.m3u8?msisdn=202609282203035a3ead0086e84e5fa38644e57a3578fc&mdspid=&spid=699004&netType=0&sid=5500592947&pid=2028597139&timestamp=20260928220303&Channel_ID=0116_2600000900-99000-201600010010027&ProgramID=646596895&ParentNodeID=-99&assertID=5500592947&client_ip=171.8.79.254&SecurityKey=20260928220303&promotionId=&mvid=5101034296&mcid=500020&playurlVersion=WX-A1-9.9.2-SNAPSHOT&userid=&jmhm=&videocodec=h264&appCode=miguvideo_android&bean=mgspad&tid=android&conFee=0&encrypt=008f3c69162c67bb0ea5eccfe30aa6f1
   速度: 7309.57KB/s | 数据量: 7.3KB | 总耗时: 0.25s | 阈值: 300KB/s
[2026-09-29 01:47:23] ✅ 通过阈值 HTTP测速: http://hlsztemgsplive.miguvideo.com:8080/wd_r4/peoplecn/shdiaoyu/600/index.m3u8?msisdn=202609282203044337ad4f953c4d05873459bd8cca6309&mdspid=&spid=600697&netType=0&sid=5910022184&pid=2028597139&timestamp=20260928220304&Channel_ID=0116_2600000900-99000-201600010010027&ProgramID=637444975&ParentNodeID=-99&assertID=5910022184&client_ip=171.8.79.254&SecurityKey=20260928220304&promotionId=&mvid=5100132656&mcid=500020&playurlVersion=WX-A1-9.9.2-SNAPSHOT&userid=&jmhm=&videocodec=h264&appCode=miguvideo_android&bean=mgspad&tid=android&conFee=0&encrypt=4ff8e659bc0b08723e63d2ea817d5277
   速度: 7309.57KB/s | 数据量: 7.3KB | 总耗时: 0.30s | 阈值: 300KB/s
[2026-09-29 01:47:23] ✅ 通过阈值 HTTP测速: http://hlsztemgsplive.miguvideo.com:8080/migu/kailu/ydcmklcd/50/20251225/index.m3u8?msisdn=20260928220306d497e67f076942bf9a94ce4e6a149d27&mdspid=&spid=600603&netType=0&sid=5910022317&pid=2028597139&timestamp=20260928220306&Channel_ID=0116_2600000900-99000-201600010010027&ProgramID=961930263&ParentNodeID=-99&assertID=5910022317&client_ip=171.8.79.254&SecurityKey=20260928220306&promotionId=&mvid=5900006783&mcid=500020&playurlVersion=WX-A1-9.9.2-SNAPSHOT&userid=&jmhm=&videocodec=h264&appCode=miguvideo_android&bean=mgspad&tid=android&conFee=0&encrypt=aea2508e097b78fb4a80708a618dc172
   速度: 7309.57KB/s | 数据量: 7.3KB | 总耗时: 0.06s | 阈值: 300KB/s
[2026-09-29 01:47:23] ✅ 通过阈值 HTTP测速: http://hlsztemgsplive.miguvideo.com:8080/migu/kailu/wssj/50/20250915/index.m3u8?msisdn=20260928220306f968afa9afc14b00886b11be6dcbf886&mdspid=&spid=600697&netType=0&sid=5910022201&pid=2028597139&timestamp=20260928220306&Channel_ID=0116_2600000900-99000-201600010010027&ProgramID=958475359&ParentNodeID=-99&assertID=5910022201&client_ip=171.8.79.254&SecurityKey=20260928220306&promotionId=&mvid=5900006724&mcid=500020&playurlVersion=WX-A1-9.9.2-SNAPSHOT&userid=&jmhm=&videocodec=h264&appCode=miguvideo_android&bean=mgspad&tid=android&conFee=0&encrypt=ba0653bd9aebd348f647e5da6b2ce715
   速度: 7309.57KB/s | 数据量: 7.3KB | 总耗时: 0.06s | 阈值: 300KB/s
[2026-09-29 01:47:23] ✅ 通过阈值 HTTP测速: http://hlsztemgsplive.miguvideo.com:8080/migu/kailu/btws/50/20250804/index.m3u8?msisdn=202609282203088477ca0e4fd54a77aef7e1da2a0e1061&mdspid=&spid=600697&netType=0&sid=5910022192&pid=2028597139&timestamp=20260928220308&Channel_ID=0116_2600000900-99000-201600010010027&ProgramID=956923145&ParentNodeID=-99&assertID=5910022192&client_ip=171.8.79.254&SecurityKey=20260928220308&promotionId=&mvid=5900006716&mcid=500020&playurlVersion=WX-A1-9.9.2-SNAPSHOT&userid=&jmhm=&videocodec=h264&appCode=miguvideo_android&bean=mgspad&tid=android&conFee=0&encrypt=28386e47e188c07fe0e6be4d7551391f
   速度: 7309.57KB/s | 数据量: 7.3KB | 总耗时: 0.06s | 阈值: 300KB/s
[2026-09-29 01:47:23] ✅ 通过阈值 HTTP测速: http://hlsztemgsplive.miguvideo.com:8080/migu/kailu/haixiaws/50/20230724/index.m3u8?msisdn=20260928220308b4b5a7d51e374028bd71f9cf1624f12c&mdspid=&spid=600717&netType=0&sid=5910022183&pid=2028597139&timestamp=20260928220308&Channel_ID=0116_2600000900-99000-201600010010027&ProgramID=849119120&ParentNodeID=-99&assertID=5910022183&client_ip=171.8.79.254&SecurityKey=20260928220308&promotionId=&mvid=5900006231&mcid=500020&playurlVersion=WX-A1-9.9.2-SNAPSHOT&userid=&jmhm=&videocodec=h264&appCode=miguvideo_android&bean=mgspad&tid=android&conFee=0&encrypt=727adb337fdfc5c4eceb63611f0cb331
   速度: 7309.57KB/s | 数据量: 7.3KB | 总耗时: 0.06s | 阈值: 300KB/s
[2026-09-29 01:47:23] ✅ 通过阈值 HTTP测速: http://hlsztemgsplive.miguvideo.com:8080/envivo_x/2018/SD/chongqing/1000/index.m3u8?msisdn=20260929000301c460173a804648ce8c44f2a863b617fa&mdspid=&spid=600697&netType=0&sid=5910022305&pid=2028597139&timestamp=20260929000301&Channel_ID=0116_2600000900-99000-201600010010027&ProgramID=738910914&ParentNodeID=-99&assertID=5910022305&client_ip=171.8.79.254&SecurityKey=20260929000301&promotionId=&mvid=5900004329&mcid=500020&playurlVersion=WX-A1-9.9.2-SNAPSHOT&userid=&jmhm=&videocodec=h264&appCode=miguvideo_android&bean=mgspad&tid=android&conFee=0&encrypt=36b56356e09194b38f59dc761f40c587
   速度: 7309.57KB/s | 数据量: 7.3KB | 总耗时: 0.02s | 阈值: 300KB/s
[2026-09-29 01:47:23] ✅ 通过阈值 HTTP测速: http://hlsztemgsplive.miguvideo.com:8080/wd_r1/2018/bestv/dycj/1000/index.m3u8?msisdn=2026092822030994ac0de468e044a58925777372869df2&mdspid=&spid=699212&netType=0&sid=2201008312&pid=2028597139&timestamp=20260928220309&Channel_ID=0116_2600000900-99000-201600010010027&ProgramID=608780988&ParentNodeID=-99&assertID=2201008312&client_ip=171.8.79.254&SecurityKey=20260928220309&promotionId=&mvid=2201008312&mcid=500020&playurlVersion=WX-A1-9.9.2-SNAPSHOT&userid=&jmhm=&videocodec=h264&appCode=miguvideo_android&bean=mgspad&tid=android&conFee=0&encrypt=ca3a9da70ce90d0165a617263ca088d7
   速度: 7309.57KB/s | 数据量: 7.3KB | 总耗时: 0.12s | 阈值: 300KB/s
[2026-09-29 01:47:23] ✅ 通过阈值 HTTP测速: http://hlsztemgsplive.miguvideo.com:8080/migu/kailu/nanjingkj/50/20230719/index.m3u8?msisdn=20260928220310e58983de70234e949b94e0b6036e745f&mdspid=&spid=699067&netType=0&sid=5910021865&pid=2028597139&timestamp=20260928220310&Channel_ID=0116_2600000900-99000-201600010010027&ProgramID=838153729&ParentNodeID=-99&assertID=5910021865&client_ip=171.8.79.254&SecurityKey=20260928220310&promotionId=&mvid=5900006205&mcid=500020&playurlVersion=WX-A1-9.9.2-SNAPSHOT&userid=&jmhm=&videocodec=h264&appCode=miguvideo_android&bean=mgspad&tid=android&conFee=0&encrypt=15e96c6932319948230bec8c2a07d46c
   速度: 7309.57KB/s | 数据量: 7.3KB | 总耗时: 0.12s | 阈值: 300KB/s
[2026-09-29 01:47:23] ✅ 通过阈值 HTTP测速: http://hlsztemgsplive.miguvideo.com:8080/migu/kailu/nanjingxwzh/50/20230719/index.m3u8?msisdn=2026092822030904ecacd48afb45f7abf4196f08199b17&mdspid=&spid=699067&netType=0&sid=5910021863&pid=2028597139&timestamp=20260928220309&Channel_ID=0116_2600000900-99000-201600010010027&ProgramID=838109047&ParentNodeID=-99&assertID=5910021863&client_ip=171.8.79.254&SecurityKey=20260928220309&promotionId=&mvid=5900006203&mcid=500020&playurlVersion=WX-A1-9.9.2-SNAPSHOT&userid=&jmhm=&videocodec=h264&appCode=miguvideo_android&bean=mgspad&tid=android&conFee=0&encrypt=3a6251dec0789d783fa16a1021381995
   速度: 7309.57KB/s | 数据量: 7.3KB | 总耗时: 0.12s | 阈值: 300KB/s
[2026-09-29 01:47:23] ✅ 通过阈值 HTTP测速: http://hlsztemgsplive.miguvideo.com:8080/wd_r4/dfl/xinwenzonghehd/600/index.m3u8?msisdn=202609282203098768768799714b25a65fd00f47336f58&mdspid=&spid=600697&netType=0&sid=5910022325&pid=2028597139&timestamp=20260928220309&Channel_ID=0116_2600000900-99000-201600010010027&ProgramID=651632657&ParentNodeID=-99&assertID=5910022325&client_ip=171.8.79.254&SecurityKey=20260928220309&promotionId=&mvid=5100001716&mcid=500020&playurlVersion=WX-A1-9.9.2-SNAPSHOT&userid=&jmhm=&videocodec=h264&appCode=miguvideo_android&bean=mgspad&tid=android&conFee=0&encrypt=3cd95b7870717fd4908fed2d28a5aa5a
   速度: 7309.57KB/s | 数据量: 7.3KB | 总耗时: 0.13s | 阈值: 300KB/s
[2026-09-29 01:47:23] ✅ 通过阈值 HTTP测速: http://hlsztemgsplive.miguvideo.com:8080/migu/kailu/nanjingsb/50/20230719/index.m3u8?msisdn=2026092822031021d43bba869c485fad8ec12a86ac4c50&mdspid=&spid=699067&netType=0&sid=5910021864&pid=2028597139&timestamp=20260928220310&Channel_ID=0116_2600000900-99000-201600010010027&ProgramID=838151753&ParentNodeID=-99&assertID=5910021864&client_ip=171.8.79.254&SecurityKey=20260928220310&promotionId=&mvid=5900006207&mcid=500020&playurlVersion=WX-A1-9.9.2-SNAPSHOT&userid=&jmhm=&videocodec=h264&appCode=miguvideo_android&bean=mgspad&tid=android&conFee=0&encrypt=3cc0cf8342c089a219566553c8c2ba95
   速度: 7309.57KB/s | 数据量: 7.3KB | 总耗时: 0.03s | 阈值: 300KB/s
[2026-09-29 01:47:23] ✅ 通过阈值 HTTP测速: http://hlsztemgsplive.miguvideo.com:8080/wd_r2/jstv/jsguoji/600/index.m3u8?msisdn=2026092822031080c429986c9a4380a9db0e05b87d7ec6&mdspid=&spid=699067&netType=0&sid=5500260577&pid=2028597139&timestamp=20260928220310&Channel_ID=0116_2600000900-99000-201600010010027&ProgramID=626064674&ParentNodeID=-99&assertID=5500260577&client_ip=171.8.79.254&SecurityKey=20260928220310&promotionId=&mvid=5100186482&mcid=500020&playurlVersion=WX-A1-9.9.2-SNAPSHOT&userid=&jmhm=&videocodec=h264&appCode=miguvideo_android&bean=mgspad&tid=android&conFee=0&encrypt=9531bb8706417b89e70991b39f508e1a
   速度: 7309.57KB/s | 数据量: 7.3KB | 总耗时: 0.02s | 阈值: 300KB/s
[2026-09-29 01:47:23] ✅ 通过阈值 HTTP测速: http://hlsztemgsplive.miguvideo.com:8080/wd_r4/dfl/dianshijuhd/600/index.m3u8?msisdn=20260929000301d871a7e8b01349698db4fc1f1cefe3f4&mdspid=&spid=699212&netType=0&sid=5500002274&pid=2028597139&timestamp=20260929000301&Channel_ID=0116_2600000900-99000-201600010010027&ProgramID=617290047&ParentNodeID=-99&assertID=5500002274&client_ip=171.8.79.254&SecurityKey=20260929000301&promotionId=&mvid=5100001715&mcid=500020&playurlVersion=WX-A1-9.9.2-SNAPSHOT&userid=&jmhm=&videocodec=h264&appCode=miguvideo_android&bean=mgspad&tid=android&conFee=0&encrypt=1f9f62c0c7fc0cf01ff9aae852a936bc
   速度: 4512.59KB/s | 数据量: 7.3KB | 总耗时: 0.15s | 阈值: 300KB/s
[2026-09-29 01:47:23] ✅ 通过阈值 HTTP测速: http://hlsztemgsplive.miguvideo.com:8080/wd_r2/jstv/jstiyu/600/index.m3u8?msisdn=202609282203100f4ab2c89b324ffcad72e0847db094ee&mdspid=&spid=699067&netType=0&sid=5500260554&pid=2028597139&timestamp=20260928220310&Channel_ID=0116_2600000900-99000-201600010010027&ProgramID=626064707&ParentNodeID=-99&assertID=5500260554&client_ip=171.8.79.254&SecurityKey=20260928220310&promotionId=&mvid=5100186459&mcid=500020&playurlVersion=WX-A1-9.9.2-SNAPSHOT&userid=&jmhm=&videocodec=h264&appCode=miguvideo_android&bean=mgspad&tid=android&conFee=0&encrypt=2f4728be41f4ee0a5bb89c3d970cb66b
   速度: 7309.57KB/s | 数据量: 7.3KB | 总耗时: 0.03s | 阈值: 300KB/s
[2026-09-29 01:47:23] ✅ 通过阈值 HTTP测速: http://hlsztemgsplive.miguvideo.com:8080/wd_r2/jstv/jschengshi/600/index.m3u8?msisdn=20260928220310af8d31c1f85447949d6e9811f3da49ce&mdspid=&spid=699067&netType=0&sid=5500260508&pid=2028597139&timestamp=20260928220310&Channel_ID=0116_2600000900-99000-201600010010027&ProgramID=626064714&ParentNodeID=-99&assertID=5500260508&client_ip=171.8.79.254&SecurityKey=20260928220310&promotionId=&mvid=5100186409&mcid=500020&playurlVersion=WX-A1-9.9.2-SNAPSHOT&userid=&jmhm=&videocodec=h264&appCode=miguvideo_android&bean=mgspad&tid=android&conFee=0&encrypt=56d3785b7eb5af5f91732f143604ff4c
   速度: 4247.51KB/s | 数据量: 7.3KB | 总耗时: 0.03s | 阈值: 300KB/s
[2026-09-29 01:47:23] ✅ 通过阈值 HTTP测速: http://hlsztemgsplive.miguvideo.com:8080/wd_r2/jstv/jsjiaoyu/600/index.m3u8?msisdn=20260928220311707116acdce6478c90ad9c9cf01fcb74&mdspid=&spid=699067&netType=0&sid=5500287493&pid=2028597139&timestamp=20260928220311&Channel_ID=0116_2600000900-99000-201600010010027&ProgramID=628008321&ParentNodeID=-99&assertID=5500287493&client_ip=171.8.79.254&SecurityKey=20260928220311&promotionId=&mvid=5101012819&mcid=500020&playurlVersion=WX-A1-9.9.2-SNAPSHOT&userid=&jmhm=&videocodec=h264&appCode=miguvideo_android&bean=mgspad&tid=android&conFee=0&encrypt=8dfad2e5f1db0cac348f1a389b198152
   速度: 7309.57KB/s | 数据量: 7.3KB | 总耗时: 0.02s | 阈值: 300KB/s
[2026-09-29 01:47:23] ✅ 通过阈值 HTTP测速: http://ali-xwl.cztv.com/live/channel011080Plxw.m3u8
   速度: 345.70KB/s | 数据量: 0.3KB | 总耗时: 1.16s | 阈值: 300KB/s
[2026-09-29 01:47:23] ✅ 通过阈值 HTTP测速: http://ali-xwl.cztv.com/live/channel01720Plxw.m3u8
   速度: 472.66KB/s | 数据量: 0.5KB | 总耗时: 1.20s | 阈值: 300KB/s
[2026-09-29 01:47:23] ✅ 通过阈值 HTTP测速: http://hlsztemgsplive.miguvideo.com:8080/wd_r2/jstv/jszongyi/600/index.m3u8?msisdn=20260928220311db514789cb76455a849facacaae1af74&mdspid=&spid=699067&netType=0&sid=5500260513&pid=2028597139&timestamp=20260928220311&Channel_ID=0116_2600000900-99000-201600010010027&ProgramID=626065193&ParentNodeID=-99&assertID=5500260513&client_ip=171.8.79.254&SecurityKey=20260928220311&promotionId=&mvid=5100186420&mcid=500020&playurlVersion=WX-A1-9.9.2-SNAPSHOT&userid=&jmhm=&videocodec=h264&appCode=miguvideo_android&bean=mgspad&tid=android&conFee=0&encrypt=b1ed5edf74e494dedc1cc4f1842a28e7
   速度: 7309.57KB/s | 数据量: 7.3KB | 总耗时: 0.34s | 阈值: 300KB/s
[2026-09-29 01:47:23] ✅ 通过阈值 HTTP测速: http://hlsztemgsplive.miguvideo.com:8080/wd_r2/jstv/jsgonggong/600/index.m3u8?msisdn=20260928220311c7fce85875f54cfe9fca98b6febe49e1&mdspid=&spid=699067&netType=0&sid=5500260520&pid=2028597139&timestamp=20260928220311&Channel_ID=0116_2600000900-99000-201600010010027&ProgramID=626064693&ParentNodeID=-99&assertID=5500260520&client_ip=171.8.79.254&SecurityKey=20260928220311&promotionId=&mvid=5100186429&mcid=500020&playurlVersion=WX-A1-9.9.2-SNAPSHOT&userid=&jmhm=&videocodec=h264&appCode=miguvideo_android&bean=mgspad&tid=android&conFee=0&encrypt=f25883326d0304d5544ca7d714911961
   速度: 7309.57KB/s | 数据量: 7.3KB | 总耗时: 0.34s | 阈值: 300KB/s
[2026-09-29 01:47:23] ✅ 通过阈值 HTTP测速: http://hlsztemgsplive.miguvideo.com:8080/wd_r2/jstv/lygxinwenzonghe/600/index.m3u8?msisdn=20260928220312d83f36897eaf4d99a766575ca2617614&mdspid=&spid=699067&netType=0&sid=5500469369&pid=2028597139&timestamp=20260928220312&Channel_ID=0116_2600000900-99000-201600010010027&ProgramID=639731715&ParentNodeID=-99&assertID=5500469369&client_ip=171.8.79.254&SecurityKey=20260928220312&promotionId=&mvid=5102012621&mcid=500020&playurlVersion=WX-A1-9.9.2-SNAPSHOT&userid=&jmhm=&videocodec=h264&appCode=miguvideo_android&bean=mgspad&tid=android&conFee=0&encrypt=31b92866d95e201fa111a3be9a8e676f
   速度: 7309.57KB/s | 数据量: 7.3KB | 总耗时: 0.09s | 阈值: 300KB/s
[2026-09-29 01:47:23] ✅ 通过阈值 HTTP测速: http://hlsztemgsplive.miguvideo.com:8080/wd_r2/jstv/jsyingshi/600/index.m3u8?msisdn=20260928220311ededcf7000b04ebe95a05321b7d00f34&mdspid=&spid=699067&netType=0&sid=5500260517&pid=2028597139&timestamp=20260928220311&Channel_ID=0116_2600000900-99000-201600010010027&ProgramID=626064697&ParentNodeID=-99&assertID=5500260517&client_ip=171.8.79.254&SecurityKey=20260928220311&promotionId=&mvid=5100186424&mcid=500020&playurlVersion=WX-A1-9.9.2-SNAPSHOT&userid=&jmhm=&videocodec=h264&appCode=miguvideo_android&bean=mgspad&tid=android&conFee=0&encrypt=d5a0bcf896750ef1841732b96d5b6efb
   速度: 6024.48KB/s | 数据量: 7.3KB | 总耗时: 0.34s | 阈值: 300KB/s
[2026-09-29 01:47:23] ✅ 通过阈值 HTTP测速: http://hlsztemgsplive.miguvideo.com:8080/wd_r2/jstv/haxinwenzonghe/600/index.m3u8?msisdn=202609282203110638601cb9154f6b990d3cd19fd754f0&mdspid=&spid=699067&netType=0&sid=5500469363&pid=2028597139&timestamp=20260928220311&Channel_ID=0116_2600000900-99000-201600010010027&ProgramID=639731826&ParentNodeID=-99&assertID=5500469363&client_ip=171.8.79.254&SecurityKey=20260928220311&promotionId=&mvid=5102012618&mcid=500020&playurlVersion=WX-A1-9.9.2-SNAPSHOT&userid=&jmhm=&videocodec=h264&appCode=miguvideo_android&bean=mgspad&tid=android&conFee=0&encrypt=6d148992c5644deac5ab2d8c1562f5c1
   速度: 7309.57KB/s | 数据量: 7.3KB | 总耗时: 0.32s | 阈值: 300KB/s
[2026-09-29 01:47:23] ✅ 通过阈值 HTTP测速: http://hlsztemgsplive.miguvideo.com:8080/wd_r2/jstv/tzxinwenzonghe/600/index.m3u8?msisdn=20260928220312585229cf89ab4aeaac7c793a8dfd130e&mdspid=&spid=699067&netType=0&sid=5500469354&pid=2028597139&timestamp=20260928220312&Channel_ID=0116_2600000900-99000-201600010010027&ProgramID=639731818&ParentNodeID=-99&assertID=5500469354&client_ip=171.8.79.254&SecurityKey=20260928220312&promotionId=&mvid=5102012615&mcid=500020&playurlVersion=WX-A1-9.9.2-SNAPSHOT&userid=&jmhm=&videocodec=h264&appCode=miguvideo_android&bean=mgspad&tid=android&conFee=0&encrypt=7397ea2d2ebe6ad98c2d411a6113ea80
   速度: 7309.57KB/s | 数据量: 7.3KB | 总耗时: 0.15s | 阈值: 300KB/s
[2026-09-29 01:47:23] ✅ 通过阈值 HTTP测速: http://hlsztemgsplive.miguvideo.com:8080/migu/kailu/ycxwzh/50/20250604/index.m3u8?msisdn=202609282203119032888fe31b47a8bb5da529c3bea125&mdspid=&spid=699067&netType=0&sid=5500469360&pid=2028597139&timestamp=20260928220311&Channel_ID=0116_2600000900-99000-201600010010027&ProgramID=639731825&ParentNodeID=-99&assertID=5500469360&client_ip=171.8.79.254&SecurityKey=20260928220311&promotionId=&mvid=5102012617&mcid=500020&playurlVersion=WX-A1-9.9.2-SNAPSHOT&userid=&jmhm=&videocodec=h264&appCode=miguvideo_android&bean=mgspad&tid=android&conFee=0&encrypt=73a042402269e3c7b640be707a4db87b
   速度: 7075.60KB/s | 数据量: 7.3KB | 总耗时: 0.34s | 阈值: 300KB/s
[2026-09-29 01:47:23] ✅ 通过阈值 HTTP测速: http://hlsztemgsplive.miguvideo.com:8080/wd_r2/jstv/xzxinwenzonghe/600/index.m3u8?msisdn=20260928220312b330931c399444908190a3132390c935&mdspid=&spid=699067&netType=0&sid=5500469368&pid=2028597139&timestamp=20260928220312&Channel_ID=0116_2600000900-99000-201600010010027&ProgramID=639731747&ParentNodeID=-99&assertID=5500469368&client_ip=171.8.79.254&SecurityKey=20260928220312&promotionId=&mvid=5102012620&mcid=500020&playurlVersion=WX-A1-9.9.2-SNAPSHOT&userid=&jmhm=&videocodec=h264&appCode=miguvideo_android&bean=mgspad&tid=android&conFee=0&encrypt=dc6767dad69694f6da2a3ec44a94d52e
   速度: 7309.57KB/s | 数据量: 7.3KB | 总耗时: 0.02s | 阈值: 300KB/s
[2026-09-29 01:47:23] ✅ 通过阈值 HTTP测速: http://hlsztemgsplive.miguvideo.com:8080/wd_r2/jstv/sqxinwenzonghe/600/index.m3u8?msisdn=2026092822031240066d1f5f244b028ba456f71048642b&mdspid=&spid=699067&netType=0&sid=5500469357&pid=2028597139&timestamp=20260928220312&Channel_ID=0116_2600000900-99000-201600010010027&ProgramID=639731832&ParentNodeID=-99&assertID=5500469357&client_ip=171.8.79.254&SecurityKey=20260928220312&promotionId=&mvid=5102012616&mcid=500020&playurlVersion=WX-A1-9.9.2-SNAPSHOT&userid=&jmhm=&videocodec=h264&appCode=miguvideo_android&bean=mgspad&tid=android&conFee=0&encrypt=aef6ceeff19f52c0282a5ab53d3c6dd6
   速度: 7309.57KB/s | 数据量: 7.3KB | 总耗时: 0.03s | 阈值: 300KB/s
[2026-09-29 01:47:23] ✅ 通过阈值 HTTP测速: http://hlsztemgsplive.miguvideo.com:8080/migu/kailu/sxdsqc/50/20250804/index.m3u8?msisdn=202609282203137fa6bbdf952f43e4851bad10dac64684&mdspid=&spid=600572&netType=0&sid=5910022190&pid=2028597139&timestamp=20260928220313&Channel_ID=0116_2600000900-99000-201600010010027&ProgramID=956909358&ParentNodeID=-99&assertID=5910022190&client_ip=171.8.79.254&SecurityKey=20260928220313&promotionId=&mvid=5900006713&mcid=500020&playurlVersion=WX-A1-9.9.2-SNAPSHOT&userid=&jmhm=&videocodec=h264&appCode=miguvideo_android&bean=mgspad&tid=android&conFee=0&encrypt=8fbf5f8204bea3c4c8e1f2b0aa52dda7
   速度: 7309.57KB/s | 数据量: 7.3KB | 总耗时: 0.02s | 阈值: 300KB/s
[2026-09-29 01:47:23] ✅ 通过阈值 HTTP测速: http://hlsztemgsplive.miguvideo.com:8080/migu/kailu/ntxwzh/50/20250604/index.m3u8?msisdn=20260928220313dceeb5caf99746e895d39462e84de2cc&mdspid=&spid=699067&netType=0&sid=5910022178&pid=2028597139&timestamp=20260928220313&Channel_ID=0116_2600000900-99000-201600010010027&ProgramID=955227985&ParentNodeID=-99&assertID=5910022178&client_ip=171.8.79.254&SecurityKey=20260928220313&promotionId=&mvid=5900006706&mcid=500020&playurlVersion=WX-A1-9.9.2-SNAPSHOT&userid=&jmhm=&videocodec=h264&appCode=miguvideo_android&bean=mgspad&tid=android&conFee=0&encrypt=9ba8d14bed78876e0f2879af72bc5f9d
   速度: 7309.57KB/s | 数据量: 7.3KB | 总耗时: 0.04s | 阈值: 300KB/s
[2026-09-29 01:47:23] ✅ 通过阈值 HTTP测速: http://hlsztemgsplive.miguvideo.com:8080/migu/kailu/yxxwzh/50/20250604/index.m3u8?msisdn=202609282203136d2ec230b95640049456101ec209608f&mdspid=&spid=699067&netType=0&sid=5910022179&pid=2028597139&timestamp=20260928220313&Channel_ID=0116_2600000900-99000-201600010010027&ProgramID=955227996&ParentNodeID=-99&assertID=5910022179&client_ip=171.8.79.254&SecurityKey=20260928220313&promotionId=&mvid=5900006707&mcid=500020&playurlVersion=WX-A1-9.9.2-SNAPSHOT&userid=&jmhm=&videocodec=h264&appCode=miguvideo_android&bean=mgspad&tid=android&conFee=0&encrypt=208133c26e125e05503b29e6a856eade
   速度: 7309.57KB/s | 数据量: 7.3KB | 总耗时: 0.04s | 阈值: 300KB/s
[2026-09-29 01:47:23] ✅ 通过阈值 HTTP测速: http://hlsztemgsplive.miguvideo.com:8080/migu/kailu/wxxwzh/50/20250604/index.m3u8?msisdn=2026092822031337bb88092b4a4c4da77a330dac1f04f6&mdspid=&spid=699067&netType=0&sid=5500469349&pid=2028597139&timestamp=20260928220313&Channel_ID=0116_2600000900-99000-201600010010027&ProgramID=639737327&ParentNodeID=-99&assertID=5500469349&client_ip=171.8.79.254&SecurityKey=20260928220313&promotionId=&mvid=5102012612&mcid=500020&playurlVersion=WX-A1-9.9.2-SNAPSHOT&userid=&jmhm=&videocodec=h264&appCode=miguvideo_android&bean=mgspad&tid=android&conFee=0&encrypt=1e3c3f1083e32d41103ad2d37a12149b
   速度: 7309.57KB/s | 数据量: 7.3KB | 总耗时: 0.04s | 阈值: 300KB/s
[2026-09-29 01:47:23] ✅ 通过阈值 HTTP测速: http://hlsztemgsplive.miguvideo.com:8080/migu/kailu/sxylpd/50/20250804/index.m3u8?msisdn=20260928220313641ea3a45b314477847f5ac090600afd&mdspid=&spid=600572&netType=0&sid=5910022191&pid=2028597139&timestamp=20260928220313&Channel_ID=0116_2600000900-99000-201600010010027&ProgramID=956909362&ParentNodeID=-99&assertID=5910022191&client_ip=171.8.79.254&SecurityKey=20260928220313&promotionId=&mvid=5900006714&mcid=500020&playurlVersion=WX-A1-9.9.2-SNAPSHOT&userid=&jmhm=&videocodec=h264&appCode=miguvideo_android&bean=mgspad&tid=android&conFee=0&encrypt=d7a63bd24517ac63682967edefdd64ab
   速度: 7309.57KB/s | 数据量: 7.3KB | 总耗时: 0.03s | 阈值: 300KB/s
[2026-09-29 01:47:23] ✅ 通过阈值 HTTP测速: http://hlsztemgsplive.miguvideo.com:8080/migu/kailu/jyxwzh/50/20250604/index.m3u8?msisdn=202609282203121e3ec373ece044e7b62a8a621d67bfcb&mdspid=&spid=699067&netType=0&sid=5910022177&pid=2028597139&timestamp=20260928220312&Channel_ID=0116_2600000900-99000-201600010010027&ProgramID=955227979&ParentNodeID=-99&assertID=5910022177&client_ip=171.8.79.254&SecurityKey=20260928220312&promotionId=&mvid=5900006705&mcid=500020&playurlVersion=WX-A1-9.9.2-SNAPSHOT&userid=&jmhm=&videocodec=h264&appCode=miguvideo_android&bean=mgspad&tid=android&conFee=0&encrypt=987b2ee8aca8af508df39b701e6901d4
   速度: 7309.57KB/s | 数据量: 7.3KB | 总耗时: 0.05s | 阈值: 300KB/s
[2026-09-29 01:47:23] ✅ 通过阈值 HTTP测速: http://hlsztemgsplive.miguvideo.com:8080/migu/kailu/sxqqpd/50/20250804/index.m3u8?msisdn=20260928220313bd7715a0ae2b46c8bc35cff54afc6813&mdspid=&spid=600572&netType=0&sid=5910022188&pid=2028597139&timestamp=20260928220313&Channel_ID=0116_2600000900-99000-201600010010027&ProgramID=956909303&ParentNodeID=-99&assertID=5910022188&client_ip=171.8.79.254&SecurityKey=20260928220313&promotionId=&mvid=5900006711&mcid=500020&playurlVersion=WX-A1-9.9.2-SNAPSHOT&userid=&jmhm=&videocodec=h264&appCode=miguvideo_android&bean=mgspad&tid=android&conFee=0&encrypt=6c348a784adfac0e931b58e82f941499
   速度: 7309.57KB/s | 数据量: 7.3KB | 总耗时: 0.02s | 阈值: 300KB/s
[2026-09-29 01:47:23] ✅ 通过阈值 HTTP测速: http://hlsztemgsplive.miguvideo.com:8080/migu/kailu/cftx/50/20250804/index.m3u8?msisdn=202609282203147bfa1e9cd3ce4034a1ef8cab6d2ff0f2&mdspid=&spid=600697&netType=0&sid=5910022193&pid=2028597139&timestamp=20260928220314&Channel_ID=0116_2600000900-99000-201600010010027&ProgramID=956923159&ParentNodeID=-99&assertID=5910022193&client_ip=171.8.79.254&SecurityKey=20260928220314&promotionId=&mvid=5900006715&mcid=500020&playurlVersion=WX-A1-9.9.2-SNAPSHOT&userid=&jmhm=&videocodec=h264&appCode=miguvideo_android&bean=mgspad&tid=android&conFee=0&encrypt=64104c51b4aefb01b28290f0cd2d3f08
   速度: 7309.57KB/s | 数据量: 7.3KB | 总耗时: 0.02s | 阈值: 300KB/s
[2026-09-29 01:47:23] ✅ 通过阈值 HTTP测速: http://hlsztemgsplive.miguvideo.com:8080/wd_r2/jstv/ymkt/600/index.m3u8?msisdn=20260928220312d69ad46eef2b417595bbbfa639514f8e&mdspid=&spid=699067&netType=0&sid=5500260553&pid=2028597139&timestamp=20260928220312&Channel_ID=0116_2600000900-99000-201600010010027&ProgramID=626064703&ParentNodeID=-99&assertID=5500260553&client_ip=171.8.79.254&SecurityKey=20260928220312&promotionId=&mvid=5100186455&mcid=500020&playurlVersion=WX-A1-9.9.2-SNAPSHOT&userid=&jmhm=&videocodec=h264&appCode=miguvideo_android&bean=mgspad&tid=android&conFee=0&encrypt=48dd9ceba89b2c7e86e314b572e25eb0
   速度: 7309.57KB/s | 数据量: 7.3KB | 总耗时: 0.06s | 阈值: 300KB/s
[2026-09-29 01:47:23] ✅ 通过阈值 HTTP测速: http://hlsztemgsplive.miguvideo.com:8080/migu/kailu/sxxwzx/50/20250804/index.m3u8?msisdn=2026092822031460582037693d46ca84489bcfbc8108db&mdspid=&spid=600572&netType=0&sid=5910022187&pid=2028597139&timestamp=20260928220314&Channel_ID=0116_2600000900-99000-201600010010027&ProgramID=956909289&ParentNodeID=-99&assertID=5910022187&client_ip=171.8.79.254&SecurityKey=20260928220314&promotionId=&mvid=5900006710&mcid=500020&playurlVersion=WX-A1-9.9.2-SNAPSHOT&userid=&jmhm=&videocodec=h264&appCode=miguvideo_android&bean=mgspad&tid=android&conFee=0&encrypt=afb49d26ee48d2ad5846179ae498d1f4
   速度: 7309.57KB/s | 数据量: 7.3KB | 总耗时: 0.02s | 阈值: 300KB/s
[2026-09-29 01:47:23] ✅ 通过阈值 HTTP测速: http://hlsztemgsplive.miguvideo.com:8080/migu/kailu/lnsh/50/20251225/index.m3u8?msisdn=20260928220314558b7782c7b145afb018302b28ce5a3c&mdspid=&spid=600697&netType=0&sid=5910022324&pid=2028597139&timestamp=20260928220314&Channel_ID=0116_2600000900-99000-201600010010027&ProgramID=962045226&ParentNodeID=-99&assertID=5910022324&client_ip=171.8.79.254&SecurityKey=20260928220314&promotionId=&mvid=5900006792&mcid=500020&playurlVersion=WX-A1-9.9.2-SNAPSHOT&userid=&jmhm=&videocodec=h264&appCode=miguvideo_android&bean=mgspad&tid=android&conFee=0&encrypt=455a28c8093a32f725923d3e39752e0b
   速度: 7309.57KB/s | 数据量: 7.3KB | 总耗时: 0.26s | 阈值: 300KB/s
[2026-09-29 01:47:23] ✅ 通过阈值 HTTP测速: http://hlsztemgsplive.miguvideo.com:8080/migu/kailu/nxwl/50/20251225/index.m3u8?msisdn=2026092822031555e99501f8bd4ddd90354a53425a6334&mdspid=&spid=600697&netType=0&sid=5910022328&pid=2028597139&timestamp=20260928220315&Channel_ID=0116_2600000900-99000-201600010010027&ProgramID=962067523&ParentNodeID=-99&assertID=5910022328&client_ip=171.8.79.254&SecurityKey=20260928220315&promotionId=&mvid=5900006788&mcid=500020&playurlVersion=WX-A1-9.9.2-SNAPSHOT&userid=&jmhm=&videocodec=h264&appCode=miguvideo_android&bean=mgspad&tid=android&conFee=0&encrypt=b23badf4d60f47bf8a4167fe8a7c7e68
   速度: 7309.57KB/s | 数据量: 7.3KB | 总耗时: 0.24s | 阈值: 300KB/s
[2026-09-29 01:47:23] ✅ 通过阈值 HTTP测速: http://hlsztemgsplive.miguvideo.com:8080/migu/kailu/zjxwzh/50/20251127/index.m3u8?msisdn=20260928220314127c4005bd854d018c4dff7ad6a179d1&mdspid=&spid=699067&netType=0&sid=5500469365&pid=2028597139&timestamp=20260928220314&Channel_ID=0116_2600000900-99000-201600010010027&ProgramID=639731783&ParentNodeID=-99&assertID=5500469365&client_ip=171.8.79.254&SecurityKey=20260928220314&promotionId=&mvid=5102012619&mcid=500020&playurlVersion=WX-A1-9.9.2-SNAPSHOT&userid=&jmhm=&videocodec=h264&appCode=miguvideo_android&bean=mgspad&tid=android&conFee=0&encrypt=cf6fae14a5cf07f6043d2eb1417fa094
   速度: 7309.57KB/s | 数据量: 7.3KB | 总耗时: 0.26s | 阈值: 300KB/s
[2026-09-29 01:47:23] ✅ 通过阈值 HTTP测速: http://hlsztemgsplive.miguvideo.com:8080/migu/kailu/lnysj/50/20251225/index.m3u8?msisdn=2026092822031463492971c639465da2ce0ec629604b04&mdspid=&spid=600697&netType=0&sid=5910022326&pid=2028597139&timestamp=20260928220314&Channel_ID=0116_2600000900-99000-201600010010027&ProgramID=962067517&ParentNodeID=-99&assertID=5910022326&client_ip=171.8.79.254&SecurityKey=20260928220314&promotionId=&mvid=5900006789&mcid=500020&playurlVersion=WX-A1-9.9.2-SNAPSHOT&userid=&jmhm=&videocodec=h264&appCode=miguvideo_android&bean=mgspad&tid=android&conFee=0&encrypt=783b4e6feb685fa4427bcbf6ae1ee637
   速度: 7309.57KB/s | 数据量: 7.3KB | 总耗时: 0.26s | 阈值: 300KB/s
[2026-09-29 01:47:23] ✅ 通过阈值 HTTP测速: http://hlsztemgsplive.miguvideo.com:8080/migu/kailu/szxwzh/50/20250604/index.m3u8?msisdn=202609282203159e5d53d8ad02492595b2c164dd8d41d3&mdspid=&spid=600697&netType=0&sid=5910022410&pid=2028597139&timestamp=20260928220315&Channel_ID=0116_2600000900-99000-201600010010027&ProgramID=639731952&ParentNodeID=-99&assertID=5910022410&client_ip=171.8.79.254&SecurityKey=20260928220315&promotionId=&mvid=5102012610&mcid=500020&playurlVersion=WX-A1-9.9.2-SNAPSHOT&userid=&jmhm=&videocodec=h264&appCode=miguvideo_android&bean=mgspad&tid=android&conFee=0&encrypt=68d3eec734617d11e4e1801b5927b52f
   速度: 7309.57KB/s | 数据量: 7.3KB | 总耗时: 0.24s | 阈值: 300KB/s
[2026-09-29 01:47:23] ✅ 通过阈值 HTTP测速: http://hlsztemgsplive.miguvideo.com:8080/migu/kailu/lngg/50/20251225/index.m3u8?msisdn=20260928220314125ad2cb9f16417b83624054fd54c244&mdspid=&spid=600697&netType=0&sid=5910022323&pid=2028597139&timestamp=20260928220314&Channel_ID=0116_2600000900-99000-201600010010027&ProgramID=962045223&ParentNodeID=-99&assertID=5910022323&client_ip=171.8.79.254&SecurityKey=20260928220314&promotionId=&mvid=5900006791&mcid=500020&playurlVersion=WX-A1-9.9.2-SNAPSHOT&userid=&jmhm=&videocodec=h264&appCode=miguvideo_android&bean=mgspad&tid=android&conFee=0&encrypt=747759f6b9e7eca1e5bff8b642c4b841
   速度: 7309.57KB/s | 数据量: 7.3KB | 总耗时: 0.25s | 阈值: 300KB/s
[2026-09-29 01:47:23] ✅ 通过阈值 HTTP测速: http://hlsztemgsplive.miguvideo.com:8080/migu/virtuallive2/5900002413/50/20210706/index.m3u8?msisdn=20260928220315ba89358c53aa4502abbd5347bf9485d0&mdspid=&spid=800033&netType=0&sid=5910019527&pid=2028597139&timestamp=20260928220315&Channel_ID=0116_2600000900-99000-201600010010027&ProgramID=713600957&ParentNodeID=-99&assertID=5910019527&client_ip=171.8.79.254&SecurityKey=20260928220315&promotionId=&mvid=5900002443&mcid=500020&playurlVersion=WX-A1-9.9.2-SNAPSHOT&userid=&jmhm=&videocodec=h264&appCode=miguvideo_android&bean=mgspad&tid=android&conFee=0&encrypt=8374a3a5b02bdb2b364e976013f03b96
   速度: 7309.57KB/s | 数据量: 7.3KB | 总耗时: 0.02s | 阈值: 300KB/s
[2026-09-29 01:47:24] ✅ 通过阈值 HTTP测速: http://hlsztemgsplive.miguvideo.com:8080/migu/kailu/lntyxx/50/20251225/index.m3u8?msisdn=2026092822031472e84cdc51e24b0e878b6adaea68f1d3&mdspid=&spid=600697&netType=0&sid=5910022329&pid=2028597139&timestamp=20260928220314&Channel_ID=0116_2600000900-99000-201600010010027&ProgramID=962067526&ParentNodeID=-99&assertID=5910022329&client_ip=171.8.79.254&SecurityKey=20260928220314&promotionId=&mvid=5900006790&mcid=500020&playurlVersion=WX-A1-9.9.2-SNAPSHOT&userid=&jmhm=&videocodec=h264&appCode=miguvideo_android&bean=mgspad&tid=android&conFee=0&encrypt=f6d29bf36ad1ee01b8936c52ab7dafa7
   速度: 7309.57KB/s | 数据量: 7.3KB | 总耗时: 0.28s | 阈值: 300KB/s
[2026-09-29 01:47:24] ✅ 通过阈值 HTTP测速: http://hlsztemgsplive.miguvideo.com:8080/wd-virtuallive5100030975-75/index.m3u8?msisdn=20260928220315f4972cf960654dd29a56cf7960c0d978&mdspid=&spid=800033&netType=0&sid=5500035175&pid=2028597139&timestamp=20260928220315&Channel_ID=0116_2600000900-99000-201600010010027&ProgramID=619495952&ParentNodeID=-99&assertID=5500035175&client_ip=171.8.79.254&SecurityKey=20260928220315&promotionId=&mvid=5100030975&mcid=500020&playurlVersion=WX-A1-9.9.2-SNAPSHOT&userid=&jmhm=&videocodec=h264&appCode=miguvideo_android&bean=mgspad&tid=android&conFee=0&encrypt=d7bd614e5cf9a908af27404c86f06160
   速度: 7309.57KB/s | 数据量: 7.3KB | 总耗时: 0.26s | 阈值: 300KB/s
[2026-09-29 01:47:24] ✅ 通过阈值 HTTP测速: http://hlsztemgsplive.miguvideo.com:8080/wd_r2/virtuallive/5100180869/75/index.m3u8?msisdn=20260928220315c918df79b59e403cb48e21d1793ce6d0&mdspid=&spid=800033&netType=0&sid=5500242089&pid=2028597139&timestamp=20260928220315&Channel_ID=0116_2600000900-99000-201600010010027&ProgramID=625703337&ParentNodeID=-99&assertID=5500242089&client_ip=171.8.79.254&SecurityKey=20260928220315&promotionId=&mvid=5100180869&mcid=500020&playurlVersion=WX-A1-9.9.2-SNAPSHOT&userid=&jmhm=&videocodec=h264&appCode=miguvideo_android&bean=mgspad&tid=android&conFee=0&encrypt=17e0950dfb5636c70726c47e19ac2ba1
   速度: 7309.57KB/s | 数据量: 7.3KB | 总耗时: 0.27s | 阈值: 300KB/s
[2026-09-29 01:47:24] ✅ 通过阈值 HTTP测速: http://hlsztemgsplive.miguvideo.com:8080/migu/kailu/chcymdy/50/20250415/index.m3u8?msisdn=202609282203157e2adfd222224dbcbe47e4fa88e95b10&mdspid=&spid=699004&netType=0&sid=5910022176&pid=2028597139&timestamp=20260928220315&Channel_ID=0116_2600000900-99000-201600010010027&ProgramID=952383261&ParentNodeID=-99&assertID=5910022176&client_ip=171.8.79.254&SecurityKey=20260928220315&promotionId=&mvid=5900006704&mcid=500020&playurlVersion=WX-A1-9.9.2-SNAPSHOT&userid=&jmhm=&videocodec=h264&appCode=miguvideo_android&bean=mgspad&tid=android&conFee=0&encrypt=b3529e6a5231f1d1220b45a6c009e2e1
   速度: 5326.37KB/s | 数据量: 7.3KB | 总耗时: 0.27s | 阈值: 300KB/s
[2026-09-29 01:47:24] ✅ 通过阈值 HTTP测速: http://hlsztemgsplive.miguvideo.com:8080/migu/virtuallive2/5900002411/50/20210706/index.m3u8?msisdn=20260929000302b45c154579264250a89ace03a7185a3e&mdspid=&spid=800033&netType=0&sid=5910019525&pid=2028597139&timestamp=20260929000302&Channel_ID=0116_2600000900-99000-201600010010027&ProgramID=713591450&ParentNodeID=-99&assertID=5910019525&client_ip=171.8.79.254&SecurityKey=20260929000302&promotionId=&mvid=5900002421&mcid=500020&playurlVersion=WX-A1-9.9.2-SNAPSHOT&userid=&jmhm=&videocodec=h264&appCode=miguvideo_android&bean=mgspad&tid=android&conFee=0&encrypt=26b54b3d3137af525696066ffda2a0e2
   速度: 6788.88KB/s | 数据量: 7.3KB | 总耗时: 0.26s | 阈值: 300KB/s
[2026-09-29 01:47:24] ✅ 通过阈值 HTTP测速: http://hlsztemgsplive.miguvideo.com:8080/migu/kailu/cetv1/50/20240709/index.m3u8?msisdn=20260929000302943fd4895f5a4094acf955c6b20a1ea9&mdspid=&spid=699004&netType=0&sid=5910022150&pid=2028597139&timestamp=20260929000302&Channel_ID=0116_2600000900-99000-201600010010027&ProgramID=923287154&ParentNodeID=-99&assertID=5910022150&client_ip=171.8.79.254&SecurityKey=20260929000302&promotionId=&mvid=5900006636&mcid=500020&playurlVersion=WX-A1-9.9.2-SNAPSHOT&userid=&jmhm=&videocodec=h264&appCode=miguvideo_android&bean=mgspad&tid=android&conFee=0&encrypt=398e26a440e92a165d1cfb0dcbff5638
   速度: 7309.57KB/s | 数据量: 7.3KB | 总耗时: 0.23s | 阈值: 300KB/s
[2026-09-29 01:47:24] ✅ 通过阈值 HTTP测速: http://hlsztemgsplive.miguvideo.com:8080/wd_r1/2018/nfmedia/nfys/1000/index.m3u8?msisdn=20260929000302240f5b51f9a24c6fab8f11d323474ada&mdspid=&spid=699054&netType=0&sid=2206173738&pid=2028597139&timestamp=20260929000302&Channel_ID=0116_2600000900-99000-201600010010027&ProgramID=614961829&ParentNodeID=-99&assertID=2206173738&client_ip=171.8.79.254&SecurityKey=20260929000302&promotionId=&mvid=2206173738&mcid=500020&playurlVersion=WX-A1-9.9.2-SNAPSHOT&userid=&jmhm=&videocodec=h264&appCode=miguvideo_android&bean=mgspad&tid=android&conFee=0&encrypt=c00a073a29d48bd0315dca4e844db625
   速度: 7017.29KB/s | 数据量: 7.3KB | 总耗时: 0.27s | 阈值: 300KB/s
[2026-09-29 01:47:24] ✅ 通过阈值 HTTP测速: http://hlsztemgsplive.miguvideo.com:8080/migu/kailu/zgtq/50/20251103/index.m3u8?msisdn=20260929000302db97054f6bd14c09a148257384c155b0&mdspid=&spid=600697&netType=0&sid=5910022296&pid=2028597139&timestamp=20260929000302&Channel_ID=0116_2600000900-99000-201600010010027&ProgramID=959986621&ParentNodeID=-99&assertID=5910022296&client_ip=171.8.79.254&SecurityKey=20260929000302&promotionId=&mvid=5900006772&mcid=500020&playurlVersion=WX-A1-9.9.2-SNAPSHOT&userid=&jmhm=&videocodec=h264&appCode=miguvideo_android&bean=mgspad&tid=android&conFee=0&encrypt=5ce92e404fa3d28492210f80ddf38ea5
   速度: 7309.57KB/s | 数据量: 7.3KB | 总耗时: 0.26s | 阈值: 300KB/s
[2026-09-29 01:47:24] ✅ 通过阈值 HTTP测速: http://hlsztemgsplive.miguvideo.com:8080/migu/kailu/cetv2/50/20240709/index.m3u8?msisdn=202609290003024bdea8de25c44250b57b33040167369a&mdspid=&spid=699004&netType=0&sid=5910022152&pid=2028597139&timestamp=20260929000302&Channel_ID=0116_2600000900-99000-201600010010027&ProgramID=923287211&ParentNodeID=-99&assertID=5910022152&client_ip=171.8.79.254&SecurityKey=20260929000302&promotionId=&mvid=5900006638&mcid=500020&playurlVersion=WX-A1-9.9.2-SNAPSHOT&userid=&jmhm=&videocodec=h264&appCode=miguvideo_android&bean=mgspad&tid=android&conFee=0&encrypt=9903a52cd047ae3485e568228a71a8c1
   速度: 7309.57KB/s | 数据量: 7.3KB | 总耗时: 0.02s | 阈值: 300KB/s
[2026-09-29 01:47:24] ✅ 通过阈值 HTTP测速: http://hlsztemgsplive.miguvideo.com:8080/migu/kailu/cetv4/50/20240709/index.m3u8?msisdn=20260929000303cfd7e0eaa5de46449444b3bfff573268&mdspid=&spid=699004&netType=0&sid=5910022154&pid=2028597139&timestamp=20260929000303&Channel_ID=0116_2600000900-99000-201600010010027&ProgramID=923287339&ParentNodeID=-99&assertID=5910022154&client_ip=171.8.79.254&SecurityKey=20260929000303&promotionId=&mvid=5900006640&mcid=500020&playurlVersion=WX-A1-9.9.2-SNAPSHOT&userid=&jmhm=&videocodec=h264&appCode=miguvideo_android&bean=mgspad&tid=android&conFee=0&encrypt=2ede4411cba2c73f613e2637bd124607
   速度: 7309.57KB/s | 数据量: 7.3KB | 总耗时: 0.03s | 阈值: 300KB/s
[2026-09-29 01:47:24] ✅ 通过阈值 HTTP测速: http://hlsztemgsplive.miguvideo.com:8080/envivo_x/2018/SD/xiongmao02/1000/index.m3u8?msisdn=2026092900030308460ee98740499e81372465fd440939&mdspid=&spid=699004&netType=0&sid=2200200717&pid=2028597139&timestamp=20260929000303&Channel_ID=0116_2600000900-99000-201600010010027&ProgramID=608933640&ParentNodeID=-99&assertID=2200200717&client_ip=171.8.79.254&SecurityKey=20260929000303&promotionId=&mvid=2200200717&mcid=500020&playurlVersion=WX-A1-9.9.2-SNAPSHOT&userid=&jmhm=&videocodec=h264&appCode=miguvideo_android&bean=mgspad&tid=android&conFee=0&encrypt=dfbdd73407c65733f1ca1259978b6c48
   速度: 7309.57KB/s | 数据量: 7.3KB | 总耗时: 0.03s | 阈值: 300KB/s
[2026-09-29 01:47:24] ✅ 通过阈值 HTTP测速: http://hlsztemgsplive.miguvideo.com:8080/migu/kailu/sdjyws/50/20250915/index.m3u8?msisdn=20260929000303ff9c77b39c424c06b69b59d58ac43d55&mdspid=&spid=600697&netType=0&sid=5910022199&pid=2028597139&timestamp=20260929000303&Channel_ID=0116_2600000900-99000-201600010010027&ProgramID=609154353&ParentNodeID=-99&assertID=5910022199&client_ip=171.8.79.254&SecurityKey=20260929000303&promotionId=&mvid=2200208305&mcid=500020&playurlVersion=WX-A1-9.9.2-SNAPSHOT&userid=&jmhm=&videocodec=h264&appCode=miguvideo_android&bean=mgspad&tid=android&conFee=0&encrypt=95d1b5852717ae2b9f60cee813772c8f
   速度: 7309.57KB/s | 数据量: 7.3KB | 总耗时: 0.03s | 阈值: 300KB/s
[2026-09-29 01:47:24] ✅ 通过阈值 HTTP测速: http://hlsztemgsplive.miguvideo.com:8080/ws_x/2018/xiongmao/HD/1000/index.m3u8?msisdn=202609290003036818c8d1f3184aac8aa75b361a0b71f1&mdspid=&spid=699004&netType=0&sid=2202634723&pid=2028597139&timestamp=20260929000303&Channel_ID=0116_2600000900-99000-201600010010027&ProgramID=609158151&ParentNodeID=-99&assertID=2202634723&client_ip=171.8.79.254&SecurityKey=20260929000303&promotionId=&mvid=2202634723&mcid=500020&playurlVersion=WX-A1-9.9.2-SNAPSHOT&userid=&jmhm=&videocodec=h264&appCode=miguvideo_android&bean=mgspad&tid=android&conFee=0&encrypt=ea3f03728811fda05bbd7c9e3af68964
   速度: 6689.63KB/s | 数据量: 7.3KB | 总耗时: 0.03s | 阈值: 300KB/s
[2026-09-29 01:47:24] ✅ 通过阈值 HTTP测速: http://hlsztemgsplive.miguvideo.com:8080/envivo_x/2018/SD/xiongmao01/1000/index.m3u8?msisdn=20260929000303606fcf44d3114ba4b64890968dbe87a1&mdspid=&spid=699004&netType=0&sid=2200200699&pid=2028597139&timestamp=20260929000303&Channel_ID=0116_2600000900-99000-201600010010027&ProgramID=608933610&ParentNodeID=-99&assertID=2200200699&client_ip=171.8.79.254&SecurityKey=20260929000303&promotionId=&mvid=2200200699&mcid=500020&playurlVersion=WX-A1-9.9.2-SNAPSHOT&userid=&jmhm=&videocodec=h264&appCode=miguvideo_android&bean=mgspad&tid=android&conFee=0&encrypt=a8d45d7abb7abe4949c2d12a4cc1b3cb
   速度: 4330.92KB/s | 数据量: 7.3KB | 总耗时: 0.03s | 阈值: 300KB/s
[2026-09-29 01:47:24] ✅ 通过阈值 HTTP测速: http://hlsztemgsplive.miguvideo.com:8080/envivo_x/2018/SD/xiongmao03/1000/index.m3u8?msisdn=20260929000303de59d6033a0b49d889471d8d996b3080&mdspid=&spid=699004&netType=0&sid=2200200738&pid=2028597139&timestamp=20260929000303&Channel_ID=0116_2600000900-99000-201600010010027&ProgramID=608934619&ParentNodeID=-99&assertID=2200200738&client_ip=171.8.79.254&SecurityKey=20260929000303&promotionId=&mvid=2200200738&mcid=500020&playurlVersion=WX-A1-9.9.2-SNAPSHOT&userid=&jmhm=&videocodec=h264&appCode=miguvideo_android&bean=mgspad&tid=android&conFee=0&encrypt=0afd647463899df4867688b5bc75ddb0
   速度: 7309.57KB/s | 数据量: 7.3KB | 总耗时: 0.03s | 阈值: 300KB/s
[2026-09-29 01:47:24] ✅ 通过阈值 HTTP测速: http://hlsztemgsplive.miguvideo.com:8080/envivo_x/2018/SD/xiongmao10/1000/index.m3u8?msisdn=202609290003044beb9c73e9624972a7221b70e822b49b&mdspid=&spid=699004&netType=0&sid=2200192937&pid=2028597139&timestamp=20260929000304&Channel_ID=0116_2600000900-99000-201600010010027&ProgramID=609169285&ParentNodeID=-99&assertID=2200192937&client_ip=171.8.79.254&SecurityKey=20260929000304&promotionId=&mvid=2200192937&mcid=500020&playurlVersion=WX-A1-9.9.2-SNAPSHOT&userid=&jmhm=&videocodec=h264&appCode=miguvideo_android&bean=mgspad&tid=android&conFee=0&encrypt=17316805a6772b2a8ac961e88f4ee140
   速度: 7309.57KB/s | 数据量: 7.3KB | 总耗时: 0.09s | 阈值: 300KB/s
[2026-09-29 01:47:24] ✅ 通过阈值 HTTP测速: http://hlsztemgsplive.miguvideo.com:8080/envivo_x/2018/SD/xiongmao07/1000/index.m3u8?msisdn=202609290003048ec0c8bb11634880822b7148ef02afc8&mdspid=&spid=699004&netType=0&sid=2200192831&pid=2028597139&timestamp=20260929000304&Channel_ID=0116_2600000900-99000-201600010010027&ProgramID=609169286&ParentNodeID=-99&assertID=2200192831&client_ip=171.8.79.254&SecurityKey=20260929000304&promotionId=&mvid=2200192831&mcid=500020&playurlVersion=WX-A1-9.9.2-SNAPSHOT&userid=&jmhm=&videocodec=h264&appCode=miguvideo_android&bean=mgspad&tid=android&conFee=0&encrypt=e0aeecc192303b3e3dcd47f28c5b99f4
   速度: 7309.57KB/s | 数据量: 7.3KB | 总耗时: 0.09s | 阈值: 300KB/s
[2026-09-29 01:47:24] ✅ 通过阈值 HTTP测速: http://hlsztemgsplive.miguvideo.com:8080/envivo_x/2018/SD/xiongmao05/1000/index.m3u8?msisdn=2026092900030426b14fdb64054c5d911be38b75736a9f&mdspid=&spid=699004&netType=0&sid=2200200791&pid=2028597139&timestamp=20260929000304&Channel_ID=0116_2600000900-99000-201600010010027&ProgramID=608935104&ParentNodeID=-99&assertID=2200200791&client_ip=171.8.79.254&SecurityKey=20260929000304&promotionId=&mvid=2200200791&mcid=500020&playurlVersion=WX-A1-9.9.2-SNAPSHOT&userid=&jmhm=&videocodec=h264&appCode=miguvideo_android&bean=mgspad&tid=android&conFee=0&encrypt=5054e7d15ddbaafd23b3ffa3d9bf4995
   速度: 7309.57KB/s | 数据量: 7.3KB | 总耗时: 0.09s | 阈值: 300KB/s
[2026-09-29 01:47:24] ✅ 通过阈值 HTTP测速: http://hlsztemgsplive.miguvideo.com:8080/envivo_x/2018/SD/xiongmao09/1000/index.m3u8?msisdn=202609290003045592be64ab6b40ed9abae4775db8ae29&mdspid=&spid=699004&netType=0&sid=2200192899&pid=2028597139&timestamp=20260929000304&Channel_ID=0116_2600000900-99000-201600010010027&ProgramID=609169226&ParentNodeID=-99&assertID=2200192899&client_ip=171.8.79.254&SecurityKey=20260929000304&promotionId=&mvid=2200192899&mcid=500020&playurlVersion=WX-A1-9.9.2-SNAPSHOT&userid=&jmhm=&videocodec=h264&appCode=miguvideo_android&bean=mgspad&tid=android&conFee=0&encrypt=5cb3c23f2058a14d1237b271ae719d82
   速度: 7309.57KB/s | 数据量: 7.3KB | 总耗时: 0.09s | 阈值: 300KB/s
[2026-09-29 01:47:24] ✅ 通过阈值 HTTP测速: http://hlsztemgsplive.miguvideo.com:8080/envivo_x/2018/SD/xiongmao08/1000/index.m3u8?msisdn=2026092900030424c07570bdbf4688aeec9dd65a8ac0c9&mdspid=&spid=699004&netType=0&sid=2200192881&pid=2028597139&timestamp=20260929000304&Channel_ID=0116_2600000900-99000-201600010010027&ProgramID=609169287&ParentNodeID=-99&assertID=2200192881&client_ip=171.8.79.254&SecurityKey=20260929000304&promotionId=&mvid=2200192881&mcid=500020&playurlVersion=WX-A1-9.9.2-SNAPSHOT&userid=&jmhm=&videocodec=h264&appCode=miguvideo_android&bean=mgspad&tid=android&conFee=0&encrypt=8605e3d0213444e5fcff1cff12d13905
   速度: 5344.94KB/s | 数据量: 7.3KB | 总耗时: 0.09s | 阈值: 300KB/s
[2026-09-29 01:47:24] ✅ 通过阈值 HTTP测速: http://hlsztemgsplive.miguvideo.com:8080/envivo_x/2018/SD/xiongmao04/1000/index.m3u8?msisdn=202609290003042fb596c308614b8e82b26fb9645624d0&mdspid=&spid=699004&netType=0&sid=2200200771&pid=2028597139&timestamp=20260929000304&Channel_ID=0116_2600000900-99000-201600010010027&ProgramID=608934721&ParentNodeID=-99&assertID=2200200771&client_ip=171.8.79.254&SecurityKey=20260929000304&promotionId=&mvid=2200200771&mcid=500020&playurlVersion=WX-A1-9.9.2-SNAPSHOT&userid=&jmhm=&videocodec=h264&appCode=miguvideo_android&bean=mgspad&tid=android&conFee=0&encrypt=d09796f3317941256770499c68a62ea5
   速度: 4928.24KB/s | 数据量: 7.3KB | 总耗时: 0.11s | 阈值: 300KB/s
[2026-09-29 01:47:24] ✅ 通过阈值 HTTP测速: http://hlsztemgsplive.miguvideo.com:8080/envivo_x/2018/SD/xiongmao06/1000/index.m3u8?msisdn=20260929000304d6308f85a9ab4f2ca1fc6d496dc25090&mdspid=&spid=699004&netType=0&sid=2200200817&pid=2028597139&timestamp=20260929000304&Channel_ID=0116_2600000900-99000-201600010010027&ProgramID=608935797&ParentNodeID=-99&assertID=2200200817&client_ip=171.8.79.254&SecurityKey=20260929000304&promotionId=&mvid=2200200817&mcid=500020&playurlVersion=WX-A1-9.9.2-SNAPSHOT&userid=&jmhm=&videocodec=h264&appCode=miguvideo_android&bean=mgspad&tid=android&conFee=0&encrypt=c06c1f25503cd978b7a5b6e63ec3d9b5
   速度: 7309.57KB/s | 数据量: 7.3KB | 总耗时: 0.10s | 阈值: 300KB/s
[2026-09-29 01:47:24] ✅ 通过阈值 HTTP测速: http://hlsztemgsplive.miguvideo.com:8080/wd_r1/2018/nfmedia/jjkt/1000/index.m3u8?msisdn=20260929000305d62735408e0c4bcab6bf2fb49ae7d67d&mdspid=&spid=699054&netType=0&sid=2206172388&pid=2028597139&timestamp=20260929000305&Channel_ID=0116_2600000900-99000-201600010010027&ProgramID=614952364&ParentNodeID=-99&assertID=2206172388&client_ip=171.8.79.254&SecurityKey=20260929000305&promotionId=&mvid=2206172388&mcid=500020&playurlVersion=WX-A1-9.9.2-SNAPSHOT&userid=&jmhm=&videocodec=h264&appCode=miguvideo_android&bean=mgspad&tid=android&conFee=0&encrypt=7fa34e976f9054e54a4d3fe293024a0b
   速度: 7309.57KB/s | 数据量: 7.3KB | 总耗时: 0.01s | 阈值: 300KB/s
[2026-09-29 01:47:24] ✅ 通过阈值 HTTP测速: http://hlsztemgsplive.miguvideo.com:8080/wd_r3/cctv/zuiqiangzongyi/600/index.m3u8?msisdn=2026092900030583a1785cdd944342afaa65c23cc0e4de&mdspid=&spid=699004&netType=0&sid=5500315654&pid=2028597139&timestamp=20260929000305&Channel_ID=0116_2600000900-99000-201600010010027&ProgramID=629942228&ParentNodeID=-99&assertID=5500315654&client_ip=171.8.79.254&SecurityKey=20260929000305&promotionId=&mvid=5101034202&mcid=500020&playurlVersion=WX-A1-9.9.2-SNAPSHOT&userid=&jmhm=&videocodec=h264&appCode=miguvideo_android&bean=mgspad&tid=android&conFee=0&encrypt=ca58ce5dd091dad976eccba2bc9aeaba
   速度: 7309.57KB/s | 数据量: 7.3KB | 总耗时: 0.02s | 阈值: 300KB/s
[2026-09-29 01:47:24] ✅ 通过阈值 HTTP测速: http://hlsztemgsplive.miguvideo.com:8080/migu/kailu/zhtc/50/20251103/index.m3u8?msisdn=2026092900030537c975164e8040b3b90ac1ee85d73361&mdspid=&spid=600697&netType=0&sid=5910022295&pid=2028597139&timestamp=20260929000305&Channel_ID=0116_2600000900-99000-201600010010027&ProgramID=959986618&ParentNodeID=-99&assertID=5910022295&client_ip=171.8.79.254&SecurityKey=20260929000305&promotionId=&mvid=5900006771&mcid=500020&playurlVersion=WX-A1-9.9.2-SNAPSHOT&userid=&jmhm=&videocodec=h264&appCode=miguvideo_android&bean=mgspad&tid=android&conFee=0&encrypt=927cabcd26c45f4514c0411654179111
   速度: 7309.57KB/s | 数据量: 7.3KB | 总耗时: 0.11s | 阈值: 300KB/s
[2026-09-29 01:47:24] ✅ 通过阈值 HTTP测速: http://hlsztemgsplive.miguvideo.com:8080/migu/kailu/hqly/50/20250915/index.m3u8?msisdn=20260929000306d0175ac506944943ac17bb29121ceb6a&mdspid=&spid=600697&netType=0&sid=5910022200&pid=2028597139&timestamp=20260929000306&Channel_ID=0116_2600000900-99000-201600010010027&ProgramID=958475356&ParentNodeID=-99&assertID=5910022200&client_ip=171.8.79.254&SecurityKey=20260929000306&promotionId=&mvid=5900006723&mcid=500020&playurlVersion=WX-A1-9.9.2-SNAPSHOT&userid=&jmhm=&videocodec=h264&appCode=miguvideo_android&bean=mgspad&tid=android&conFee=0&encrypt=46e9848fcf21ce09c0bff1a1312068ba
   速度: 7309.57KB/s | 数据量: 7.3KB | 总耗时: 0.11s | 阈值: 300KB/s
[2026-09-29 01:47:24] ✅ 通过阈值 HTTP测速: http://hlsztemgsplive.miguvideo.com:8080/migu/virtuallive2/5900002409/50/20210706/index.m3u8?msisdn=20260929000305ab3896ab0d1c42a3a59221c89696a6c9&mdspid=&spid=800033&netType=0&sid=5910019523&pid=2028597139&timestamp=20260929000305&Channel_ID=0116_2600000900-99000-201600010010027&ProgramID=713589837&ParentNodeID=-99&assertID=5910019523&client_ip=171.8.79.254&SecurityKey=20260929000305&promotionId=&mvid=5900002419&mcid=500020&playurlVersion=WX-A1-9.9.2-SNAPSHOT&userid=&jmhm=&videocodec=h264&appCode=miguvideo_android&bean=mgspad&tid=android&conFee=0&encrypt=c2367ad93fb3680da547518df6b24be8
   速度: 7309.57KB/s | 数据量: 7.3KB | 总耗时: 0.11s | 阈值: 300KB/s
[2026-09-29 01:47:24] ✅ 通过阈值 HTTP测速: http://hlsztemgsplive.miguvideo.com:8080/migu/kailu/ydcmc/50/20251225/index.m3u8?msisdn=20260929000306c31a7a5e86424176a904d04bb1aefcb0&mdspid=&spid=600697&netType=0&sid=5910022344&pid=2028597139&timestamp=20260929000306&Channel_ID=0116_2600000900-99000-201600010010027&ProgramID=961930369&ParentNodeID=-99&assertID=5910022344&client_ip=171.8.79.254&SecurityKey=20260929000306&promotionId=&mvid=5900006785&mcid=500020&playurlVersion=WX-A1-9.9.2-SNAPSHOT&userid=&jmhm=&videocodec=h264&appCode=miguvideo_android&bean=mgspad&tid=android&conFee=0&encrypt=9a27e0e044ad392dc57caf876cb2ea85
   速度: 7309.57KB/s | 数据量: 7.3KB | 总耗时: 0.10s | 阈值: 300KB/s
[2026-09-29 01:47:24] ✅ 通过阈值 HTTP测速: http://hlsztemgsplive.miguvideo.com:8080/wd_r3/cctv/jingdiandonghua/600/index.m3u8?msisdn=20260929000305ea10bc2b1c114b90a3832230f13703d4&mdspid=&spid=699004&netType=0&sid=5500315652&pid=2028597139&timestamp=20260929000305&Channel_ID=0116_2600000900-99000-201600010010027&ProgramID=629942219&ParentNodeID=-99&assertID=5500315652&client_ip=171.8.79.254&SecurityKey=20260929000305&promotionId=&mvid=5101034205&mcid=500020&playurlVersion=WX-A1-9.9.2-SNAPSHOT&userid=&jmhm=&videocodec=h264&appCode=miguvideo_android&bean=mgspad&tid=android&conFee=0&encrypt=5d1d7de06fb067abea4b4b38b4a6c664
   速度: 7309.57KB/s | 数据量: 7.3KB | 总耗时: 0.11s | 阈值: 300KB/s
[2026-09-29 01:47:24] ✅ 通过阈值 HTTP测速: http://rbmn-live.akamaized.net/hls/live/590964/BoRB-AT/master_6660.m3u8
   速度: 5136.72KB/s | 数据量: 5.1KB | 总耗时: 0.06s | 阈值: 300KB/s
[2026-09-29 01:47:24] 🚫 未达阈值 HTTP测速: http://107.150.60.122/live/chcjt.m3u8
   速度: 195.31KB/s | 数据量: 0.2KB | 总耗时: 0.14s | 阈值: 300KB/s
[2026-09-29 01:47:24] 🚫 未达阈值 HTTP测速: http://198.204.228.26/live/chcjt.m3u8
   速度: 195.31KB/s | 数据量: 0.2KB | 总耗时: 0.14s | 阈值: 300KB/s
[2026-09-29 01:47:24] 🚫 未达阈值 HTTP测速: http://38.75.136.137:98/gslb/dsdqpub/chcjt.m3u8?auth=testpub
   速度: 195.31KB/s | 数据量: 0.2KB | 总耗时: 0.19s | 阈值: 300KB/s
[2026-09-29 01:47:24] 🚫 未达阈值 HTTP测速: http://38.75.136.137:98/gslb/dsdqpub/chchd.m3u8?auth=testpub
   速度: 199.22KB/s | 数据量: 0.2KB | 总耗时: 0.19s | 阈值: 300KB/s
[2026-09-29 01:47:24] ✅ 通过阈值 HTTP测速: http://live-hls-web-aja.getaj.net/AJA/02.m3u8
   速度: 375.98KB/s | 数据量: 0.4KB | 总耗时: 0.10s | 阈值: 300KB/s
[2026-09-29 01:47:24] ✅ HTTPS测速成功: https://srs.iyb983.cn/video/CYS/index.m3u8
   速度: 507.81KB/s | 数据量: 0.5KB | 总耗时: 1.06s | 证书: 有效
[2026-09-29 01:47:24] ✅ HTTPS测速成功: https://srs.iyb983.cn:443/video/CYS/index.m3u8
   速度: 507.81KB/s | 数据量: 0.5KB | 总耗时: 1.12s | 证书: 有效
[2026-09-29 01:47:25] ✅ HTTPS测速成功: https://hwapi.yntv.net/ew265l/z1z6s5.m3u8
   速度: 265.62KB/s | 数据量: 0.3KB | 总耗时: 1.42s | 证书: 无效
[2026-09-29 01:47:25] ✅ HTTPS测速成功: https://d1k6kax80wecy5.cloudfront.net/RLnAKY/index.m3u8
   速度: 237.30KB/s | 数据量: 0.2KB | 总耗时: 0.67s | 证书: 有效
[2026-09-29 01:47:25] 🚫 未达阈值 HTTP测速: http://101.35.240.114:88/live.php?id=浙江卫视4K
   速度: 142.58KB/s | 数据量: 0.1KB | 总耗时: 0.51s | 阈值: 300KB/s
[2026-09-29 01:47:25] ✅ 通过阈值 HTTP测速: http://event.pull.hebtv.com/jishi/weishi_tingyun.m3u8
   速度: 383.79KB/s | 数据量: 0.4KB | 总耗时: 0.52s | 阈值: 300KB/s
[2026-09-29 01:47:25] ✅ 通过阈值 HTTP测速: http://p.ytelc.com/169l/0/cctv.php?id=cctv15
   速度: 648.44KB/s | 数据量: 0.6KB | 总耗时: 0.47s | 阈值: 300KB/s
[2026-09-29 01:47:25] ✅ HTTPS测速成功: https://cdn-4.pishow.tv/live/1473/master.m3u8
   速度: 152.34KB/s | 数据量: 0.2KB | 总耗时: 0.67s | 证书: 有效
[2026-09-29 01:47:25] 🚫 未达阈值 HTTP测速: http://112.27.235.94:8000/hls/1/index.m3u8
   速度: 172.85KB/s | 数据量: 0.2KB | 总耗时: 0.41s | 阈值: 300KB/s
[2026-09-29 01:47:25] 🚫 未达阈值 HTTP测速: http://112.27.235.94:8000/hls/2/index.m3u8
   速度: 172.85KB/s | 数据量: 0.2KB | 总耗时: 0.40s | 阈值: 300KB/s
[2026-09-29 01:47:25] 🚫 未达阈值 HTTP测速: http://112.27.235.94:8000/hls/3/index.m3u8
   速度: 172.85KB/s | 数据量: 0.2KB | 总耗时: 0.41s | 阈值: 300KB/s
[2026-09-29 01:47:25] 🚫 未达阈值 HTTP测速: http://222.128.55.152:9080/live/hy.m3u8
   速度: 0.11KB/s | 数据量: 0.1KB | 总耗时: 1.32s | 阈值: 300KB/s
[2026-09-29 01:47:25] ✅ HTTPS测速成功: https://play-qukan.cztv.com/live/1746687519046362.m3u8
   速度: 16.60KB/s | 数据量: 0.0KB | 总耗时: 0.76s | 证书: 有效
[2026-09-29 01:47:25] 🚫 未达阈值 HTTP测速: http://8.138.7.223/tv/btime.php?id=bjws4k
   速度: 146.48KB/s | 数据量: 0.1KB | 总耗时: 1.32s | 阈值: 300KB/s
[2026-09-29 01:47:25] 🚫 未达阈值 HTTP测速: http://112.27.235.94:8000/hls/4/index.m3u8
   速度: 172.85KB/s | 数据量: 0.2KB | 总耗时: 0.41s | 阈值: 300KB/s
[2026-09-29 01:47:26] 🚫 未达阈值 HTTP测速: http://112.27.235.94:8000/hls/5/index.m3u8
   速度: 172.85KB/s | 数据量: 0.2KB | 总耗时: 0.43s | 阈值: 300KB/s
[2026-09-29 01:47:26] 🚫 未达阈值 HTTP测速: http://112.27.235.94:8000/hls/6/index.m3u8
   速度: 172.85KB/s | 数据量: 0.2KB | 总耗时: 0.43s | 阈值: 300KB/s
[2026-09-29 01:47:26] 🚫 未达阈值 HTTP测速: http://liveout.btzx.com.cn/62ds9e/yil08g.m3u8
   速度: 0.00KB/s | 数据量: 0.0KB | 总耗时: 1.02s | 阈值: 300KB/s
[2026-09-29 01:47:26] 🚫 未达阈值 HTTP测速: http://112.27.235.94:8000/hls/7/index.m3u8
   速度: 172.85KB/s | 数据量: 0.2KB | 总耗时: 0.43s | 阈值: 300KB/s
[2026-09-29 01:47:26] 🚫 未达阈值 HTTP测速: http://112.27.235.94:8000/hls/8/index.m3u8
   速度: 172.85KB/s | 数据量: 0.2KB | 总耗时: 0.40s | 阈值: 300KB/s
[2026-09-29 01:47:26] 🚫 未达阈值 HTTP测速: http://webcast.hkstv.tv/livestream/mutfysrq/playlist.m3u8
   速度: 106.45KB/s | 数据量: 0.1KB | 总耗时: 1.15s | 阈值: 300KB/s
[2026-09-29 01:47:26] 🚫 未达阈值 HTTP测速: http://112.27.235.94:8000/hls/9/index.m3u8
   速度: 172.85KB/s | 数据量: 0.2KB | 总耗时: 0.41s | 阈值: 300KB/s
[2026-09-29 01:47:26] 🚫 未达阈值 HTTP测速: http://112.27.235.94:8000/hls/11/index.m3u8
   速度: 172.85KB/s | 数据量: 0.2KB | 总耗时: 0.43s | 阈值: 300KB/s
[2026-09-29 01:47:26] 🚫 未达阈值 HTTP测速: http://112.27.235.94:8000/hls/12/index.m3u8
   速度: 172.85KB/s | 数据量: 0.2KB | 总耗时: 0.42s | 阈值: 300KB/s
[2026-09-29 01:47:26] 🚫 未达阈值 HTTP测速: http://112.27.235.94:8000/hls/10/index.m3u8
   速度: 172.85KB/s | 数据量: 0.2KB | 总耗时: 0.51s | 阈值: 300KB/s
[2026-09-29 01:47:26] 🚫 未达阈值 HTTP测速: http://112.27.235.94:8000/hls/13/index.m3u8
   速度: 172.85KB/s | 数据量: 0.2KB | 总耗时: 0.41s | 阈值: 300KB/s
[2026-09-29 01:47:26] 🚫 未达阈值 HTTP测速: http://112.27.235.94:8000/hls/14/index.m3u8
   速度: 172.85KB/s | 数据量: 0.2KB | 总耗时: 0.46s | 阈值: 300KB/s
[2026-09-29 01:47:26] 🚫 未达阈值 HTTP测速: http://112.27.235.94:8000/hls/16/index.m3u8
   速度: 172.85KB/s | 数据量: 0.2KB | 总耗时: 0.45s | 阈值: 300KB/s
[2026-09-29 01:47:26] 🚫 未达阈值 HTTP测速: http://112.27.235.94:8000/hls/15/index.m3u8
   速度: 172.85KB/s | 数据量: 0.2KB | 总耗时: 0.51s | 阈值: 300KB/s
[2026-09-29 01:47:26] 🚫 未达阈值 HTTP测速: http://112.27.235.94:8000/hls/17/index.m3u8
   速度: 172.85KB/s | 数据量: 0.2KB | 总耗时: 0.41s | 阈值: 300KB/s
[2026-09-29 01:47:26] 🚫 未达阈值 HTTP测速: http://112.27.235.94:8000/hls/26/index.m3u8
   速度: 172.85KB/s | 数据量: 0.2KB | 总耗时: 0.45s | 阈值: 300KB/s
[2026-09-29 01:47:26] 🚫 未达阈值 HTTP测速: http://112.27.235.94:8000/hls/27/index.m3u8
   速度: 172.85KB/s | 数据量: 0.2KB | 总耗时: 0.41s | 阈值: 300KB/s
[2026-09-29 01:47:26] 🚫 未达阈值 HTTP测速: http://112.27.235.94:8000/hls/28/index.m3u8
   速度: 172.85KB/s | 数据量: 0.2KB | 总耗时: 0.42s | 阈值: 300KB/s
[2026-09-29 01:47:26] 🚫 未达阈值 HTTP测速: http://112.27.235.94:8000/hls/29/index.m3u8
   速度: 172.85KB/s | 数据量: 0.2KB | 总耗时: 0.45s | 阈值: 300KB/s
[2026-09-29 01:47:26] 🚫 未达阈值 HTTP测速: http://112.27.235.94:8000/hls/30/index.m3u8
   速度: 172.85KB/s | 数据量: 0.2KB | 总耗时: 0.46s | 阈值: 300KB/s
[2026-09-29 01:47:27] 🚫 未达阈值 HTTP测速: http://112.27.235.94:8000/hls/31/index.m3u8
   速度: 172.85KB/s | 数据量: 0.2KB | 总耗时: 0.43s | 阈值: 300KB/s
[2026-09-29 01:47:27] 🚫 未达阈值 HTTP测速: http://112.27.235.94:8000/hls/32/index.m3u8
   速度: 172.85KB/s | 数据量: 0.2KB | 总耗时: 0.42s | 阈值: 300KB/s
[2026-09-29 01:47:27] 🚫 未达阈值 HTTP测速: http://112.27.235.94:8000/hls/33/index.m3u8
   速度: 172.85KB/s | 数据量: 0.2KB | 总耗时: 0.41s | 阈值: 300KB/s
[2026-09-29 01:47:27] 🚫 未达阈值 HTTP测速: http://112.27.235.94:8000/hls/36/index.m3u8
   速度: 172.85KB/s | 数据量: 0.2KB | 总耗时: 0.41s | 阈值: 300KB/s
[2026-09-29 01:47:27] 🚫 未达阈值 HTTP测速: http://112.27.235.94:8000/hls/35/index.m3u8
   速度: 172.85KB/s | 数据量: 0.2KB | 总耗时: 0.45s | 阈值: 300KB/s
[2026-09-29 01:47:27] 🚫 未达阈值 HTTP测速: http://112.27.235.94:8000/hls/34/index.m3u8
   速度: 172.85KB/s | 数据量: 0.2KB | 总耗时: 0.50s | 阈值: 300KB/s
[2026-09-29 01:47:27] 🚫 未达阈值 HTTP测速: http://112.27.235.94:8000/hls/37/index.m3u8
   速度: 172.85KB/s | 数据量: 0.2KB | 总耗时: 0.44s | 阈值: 300KB/s
[2026-09-29 01:47:27] 🚫 未达阈值 HTTP测速: http://112.27.235.94:8000/hls/38/index.m3u8
   速度: 172.85KB/s | 数据量: 0.2KB | 总耗时: 0.41s | 阈值: 300KB/s
[2026-09-29 01:47:27] 🚫 未达阈值 HTTP测速: http://112.27.235.94:8000/hls/39/index.m3u8
   速度: 172.85KB/s | 数据量: 0.2KB | 总耗时: 0.41s | 阈值: 300KB/s
[2026-09-29 01:47:27] 🚫 未达阈值 HTTP测速: http://112.27.235.94:8000/hls/40/index.m3u8
   速度: 172.85KB/s | 数据量: 0.2KB | 总耗时: 0.41s | 阈值: 300KB/s
[2026-09-29 01:47:27] 🚫 未达阈值 HTTP测速: http://112.27.235.94:8000/hls/42/index.m3u8
   速度: 172.85KB/s | 数据量: 0.2KB | 总耗时: 0.40s | 阈值: 300KB/s
[2026-09-29 01:47:27] 🚫 未达阈值 HTTP测速: http://112.27.235.94:8000/hls/41/index.m3u8
   速度: 172.85KB/s | 数据量: 0.2KB | 总耗时: 0.45s | 阈值: 300KB/s
[2026-09-29 01:47:27] 🚫 未达阈值 HTTP测速: http://112.27.235.94:8000/hls/43/index.m3u8
   速度: 172.85KB/s | 数据量: 0.2KB | 总耗时: 0.40s | 阈值: 300KB/s
[2026-09-29 01:47:27] 🚫 未达阈值 HTTP测速: http://112.27.235.94:8000/hls/45/index.m3u8
   速度: 172.85KB/s | 数据量: 0.2KB | 总耗时: 0.40s | 阈值: 300KB/s
[2026-09-29 01:47:27] 🚫 未达阈值 HTTP测速: http://112.27.235.94:8000/hls/44/index.m3u8
   速度: 172.85KB/s | 数据量: 0.2KB | 总耗时: 0.42s | 阈值: 300KB/s
[2026-09-29 01:47:27] 🚫 未达阈值 HTTP测速: http://112.27.235.94:8000/hls/47/index.m3u8
   速度: 172.85KB/s | 数据量: 0.2KB | 总耗时: 0.42s | 阈值: 300KB/s
[2026-09-29 01:47:27] 🚫 未达阈值 HTTP测速: http://112.27.235.94:8000/hls/46/index.m3u8
   速度: 172.85KB/s | 数据量: 0.2KB | 总耗时: 0.42s | 阈值: 300KB/s
[2026-09-29 01:47:27] 🚫 未达阈值 HTTP测速: http://112.27.235.94:8000/hls/48/index.m3u8
   速度: 172.85KB/s | 数据量: 0.2KB | 总耗时: 0.40s | 阈值: 300KB/s
[2026-09-29 01:47:27] 🚫 未达阈值 HTTP测速: http://112.27.235.94:8000/hls/49/index.m3u8
   速度: 172.85KB/s | 数据量: 0.2KB | 总耗时: 0.41s | 阈值: 300KB/s
[2026-09-29 01:47:27] 🚫 未达阈值 HTTP测速: http://112.27.235.94:8000/hls/50/index.m3u8
   速度: 172.85KB/s | 数据量: 0.2KB | 总耗时: 0.42s | 阈值: 300KB/s
[2026-09-29 01:47:28] ❌ HTTPS SSL错误: https://zby.130519.xyz/PLTV/11/224/3221225736/index.m3u8 | 错误: HTTPSConnectionPool(host='zby.130519.xyz', port=443): Max retries exceeded with url: /PLTV/11/224/3221225736/index.m3u8 (Caused by SSLError(SSLError(1, '[SSL: SSLV3_ALERT_HANDSHAKE_FAILURE] sslv3 alert handshake failure (_ssl.c:1082)')))
[2026-09-29 01:47:28] ❌ HTTPS SSL错误: https://zby.130519.xyz/PLTV/11/224/3221226124/index.m3u8 | 错误: HTTPSConnectionPool(host='zby.130519.xyz', port=443): Max retries exceeded with url: /PLTV/11/224/3221226124/index.m3u8 (Caused by SSLError(SSLError(1, '[SSL: SSLV3_ALERT_HANDSHAKE_FAILURE] sslv3 alert handshake failure (_ssl.c:1082)')))
[2026-09-29 01:47:28] ❌ HTTPS SSL错误: https://zby.130519.xyz/PLTV/11/224/3221225743/index.m3u8 | 错误: HTTPSConnectionPool(host='zby.130519.xyz', port=443): Max retries exceeded with url: /PLTV/11/224/3221225743/index.m3u8 (Caused by SSLError(SSLError(1, '[SSL: SSLV3_ALERT_HANDSHAKE_FAILURE] sslv3 alert handshake failure (_ssl.c:1082)')))
[2026-09-29 01:47:28] ❌ HTTPS SSL错误: https://zby.130519.xyz/PLTV/11/224/3221225701/index.m3u8 | 错误: HTTPSConnectionPool(host='zby.130519.xyz', port=443): Max retries exceeded with url: /PLTV/11/224/3221225701/index.m3u8 (Caused by SSLError(SSLError(1, '[SSL: SSLV3_ALERT_HANDSHAKE_FAILURE] sslv3 alert handshake failure (_ssl.c:1082)')))
[2026-09-29 01:47:28] ❌ HTTPS SSL错误: https://zby.130519.xyz/PLTV/11/224/3221225766/index.m3u8 | 错误: HTTPSConnectionPool(host='zby.130519.xyz', port=443): Max retries exceeded with url: /PLTV/11/224/3221225766/index.m3u8 (Caused by SSLError(SSLError(1, '[SSL: SSLV3_ALERT_HANDSHAKE_FAILURE] sslv3 alert handshake failure (_ssl.c:1082)')))
[2026-09-29 01:47:28] ❌ HTTPS SSL错误: https://zby.130519.xyz/PLTV/11/224/3221226122/index.m3u8 | 错误: HTTPSConnectionPool(host='zby.130519.xyz', port=443): Max retries exceeded with url: /PLTV/11/224/3221226122/index.m3u8 (Caused by SSLError(SSLError(1, '[SSL: SSLV3_ALERT_HANDSHAKE_FAILURE] sslv3 alert handshake failure (_ssl.c:1082)')))
[2026-09-29 01:47:28] ❌ HTTPS SSL错误: https://zby.130519.xyz/PLTV/11/224/3221225673/index.m3u8 | 错误: HTTPSConnectionPool(host='zby.130519.xyz', port=443): Max retries exceeded with url: /PLTV/11/224/3221225673/index.m3u8 (Caused by SSLError(SSLError(1, '[SSL: SSLV3_ALERT_HANDSHAKE_FAILURE] sslv3 alert handshake failure (_ssl.c:1082)')))
[2026-09-29 01:47:28] ❌ HTTPS SSL错误: https://zby.130519.xyz/PLTV/11/224/3221225741/index.m3u8 | 错误: HTTPSConnectionPool(host='zby.130519.xyz', port=443): Max retries exceeded with url: /PLTV/11/224/3221225741/index.m3u8 (Caused by SSLError(SSLError(1, '[SSL: SSLV3_ALERT_HANDSHAKE_FAILURE] sslv3 alert handshake failure (_ssl.c:1082)')))
[2026-09-29 01:47:28] ❌ HTTPS SSL错误: https://zby.130519.xyz/PLTV/11/224/3221225734/index.m3u8 | 错误: HTTPSConnectionPool(host='zby.130519.xyz', port=443): Max retries exceeded with url: /PLTV/11/224/3221225734/index.m3u8 (Caused by SSLError(SSLError(1, '[SSL: SSLV3_ALERT_HANDSHAKE_FAILURE] sslv3 alert handshake failure (_ssl.c:1082)')))
[2026-09-29 01:47:28] ❌ HTTPS SSL错误: https://zby.130519.xyz/PLTV/11/224/3221226101/index.m3u8 | 错误: HTTPSConnectionPool(host='zby.130519.xyz', port=443): Max retries exceeded with url: /PLTV/11/224/3221226101/index.m3u8 (Caused by SSLError(SSLError(1, '[SSL: SSLV3_ALERT_HANDSHAKE_FAILURE] sslv3 alert handshake failure (_ssl.c:1082)')))
[2026-09-29 01:47:28] ❌ HTTPS SSL错误: https://zby.130519.xyz/PLTV/11/224/3221225738/index.m3u8 | 错误: HTTPSConnectionPool(host='zby.130519.xyz', port=443): Max retries exceeded with url: /PLTV/11/224/3221225738/index.m3u8 (Caused by SSLError(SSLError(1, '[SSL: SSLV3_ALERT_HANDSHAKE_FAILURE] sslv3 alert handshake failure (_ssl.c:1082)')))
[2026-09-29 01:47:28] ❌ HTTPS SSL错误: https://zby.130519.xyz/PLTV/11/224/3221226128/index.m3u8 | 错误: HTTPSConnectionPool(host='zby.130519.xyz', port=443): Max retries exceeded with url: /PLTV/11/224/3221226128/index.m3u8 (Caused by SSLError(SSLError(1, '[SSL: SSLV3_ALERT_HANDSHAKE_FAILURE] sslv3 alert handshake failure (_ssl.c:1082)')))
[2026-09-29 01:47:28] ❌ HTTPS SSL错误: https://zby.130519.xyz/PLTV/11/224/3221226147/index.m3u8 | 错误: HTTPSConnectionPool(host='zby.130519.xyz', port=443): Max retries exceeded with url: /PLTV/11/224/3221226147/index.m3u8 (Caused by SSLError(SSLError(1, '[SSL: SSLV3_ALERT_HANDSHAKE_FAILURE] sslv3 alert handshake failure (_ssl.c:1082)')))
[2026-09-29 01:47:28] ❌ HTTPS SSL错误: https://zby.130519.xyz/PLTV/11/224/3221225775/index.m3u8 | 错误: HTTPSConnectionPool(host='zby.130519.xyz', port=443): Max retries exceeded with url: /PLTV/11/224/3221225775/index.m3u8 (Caused by SSLError(SSLError(1, '[SSL: SSLV3_ALERT_HANDSHAKE_FAILURE] sslv3 alert handshake failure (_ssl.c:1082)')))
[2026-09-29 01:47:28] ❌ HTTPS SSL错误: https://zby.130519.xyz/PLTV/11/224/3221226120/index.m3u8 | 错误: HTTPSConnectionPool(host='zby.130519.xyz', port=443): Max retries exceeded with url: /PLTV/11/224/3221226120/index.m3u8 (Caused by SSLError(SSLError(1, '[SSL: SSLV3_ALERT_HANDSHAKE_FAILURE] sslv3 alert handshake failure (_ssl.c:1082)')))
[2026-09-29 01:47:28] ❌ HTTPS SSL错误: https://zby.130519.xyz/PLTV/11/224/3221226103/index.m3u8 | 错误: HTTPSConnectionPool(host='zby.130519.xyz', port=443): Max retries exceeded with url: /PLTV/11/224/3221226103/index.m3u8 (Caused by SSLError(SSLError(1, '[SSL: SSLV3_ALERT_HANDSHAKE_FAILURE] sslv3 alert handshake failure (_ssl.c:1082)')))
[2026-09-29 01:47:28] ❌ HTTPS SSL错误: https://zby.130519.xyz/PLTV/11/224/3221225724/index.m3u8 | 错误: HTTPSConnectionPool(host='zby.130519.xyz', port=443): Max retries exceeded with url: /PLTV/11/224/3221225724/index.m3u8 (Caused by SSLError(SSLError(1, '[SSL: SSLV3_ALERT_HANDSHAKE_FAILURE] sslv3 alert handshake failure (_ssl.c:1082)')))
[2026-09-29 01:47:28] ❌ HTTPS SSL错误: https://zby.130519.xyz/PLTV/11/224/3221226153/index.m3u8 | 错误: HTTPSConnectionPool(host='zby.130519.xyz', port=443): Max retries exceeded with url: /PLTV/11/224/3221226153/index.m3u8 (Caused by SSLError(SSLError(1, '[SSL: SSLV3_ALERT_HANDSHAKE_FAILURE] sslv3 alert handshake failure (_ssl.c:1082)')))
[2026-09-29 01:47:28] ❌ HTTPS SSL错误: https://zby.130519.xyz/PLTV/11/224/3221225727/index.m3u8 | 错误: HTTPSConnectionPool(host='zby.130519.xyz', port=443): Max retries exceeded with url: /PLTV/11/224/3221225727/index.m3u8 (Caused by SSLError(SSLError(1, '[SSL: SSLV3_ALERT_HANDSHAKE_FAILURE] sslv3 alert handshake failure (_ssl.c:1082)')))
[2026-09-29 01:47:28] ❌ HTTPS SSL错误: https://zby.130519.xyz/PLTV/11/224/3221225725/index.m3u8 | 错误: HTTPSConnectionPool(host='zby.130519.xyz', port=443): Max retries exceeded with url: /PLTV/11/224/3221225725/index.m3u8 (Caused by SSLError(SSLError(1, '[SSL: SSLV3_ALERT_HANDSHAKE_FAILURE] sslv3 alert handshake failure (_ssl.c:1082)')))
[2026-09-29 01:47:28] ❌ HTTPS SSL错误: https://zby.130519.xyz/PLTV/11/224/3221225720/index.m3u8 | 错误: HTTPSConnectionPool(host='zby.130519.xyz', port=443): Max retries exceeded with url: /PLTV/11/224/3221225720/index.m3u8 (Caused by SSLError(SSLError(1, '[SSL: SSLV3_ALERT_HANDSHAKE_FAILURE] sslv3 alert handshake failure (_ssl.c:1082)')))
[2026-09-29 01:47:28] ❌ HTTPS SSL错误: https://zby.130519.xyz/PLTV/11/224/3221225726/index.m3u8 | 错误: HTTPSConnectionPool(host='zby.130519.xyz', port=443): Max retries exceeded with url: /PLTV/11/224/3221225726/index.m3u8 (Caused by SSLError(SSLError(1, '[SSL: SSLV3_ALERT_HANDSHAKE_FAILURE] sslv3 alert handshake failure (_ssl.c:1082)')))
[2026-09-29 01:47:28] ❌ HTTPS SSL错误: https://zby.130519.xyz/PLTV/11/224/3221225728/index.m3u8 | 错误: HTTPSConnectionPool(host='zby.130519.xyz', port=443): Max retries exceeded with url: /PLTV/11/224/3221225728/index.m3u8 (Caused by SSLError(SSLError(1, '[SSL: SSLV3_ALERT_HANDSHAKE_FAILURE] sslv3 alert handshake failure (_ssl.c:1082)')))
[2026-09-29 01:47:28] ❌ HTTPS SSL错误: https://zby.130519.xyz/PLTV/11/224/3221225731/index.m3u8 | 错误: HTTPSConnectionPool(host='zby.130519.xyz', port=443): Max retries exceeded with url: /PLTV/11/224/3221225731/index.m3u8 (Caused by SSLError(SSLError(1, '[SSL: SSLV3_ALERT_HANDSHAKE_FAILURE] sslv3 alert handshake failure (_ssl.c:1082)')))
[2026-09-29 01:47:28] ❌ HTTPS SSL错误: https://zby.130519.xyz/PLTV/11/224/3221225739/index.m3u8 | 错误: HTTPSConnectionPool(host='zby.130519.xyz', port=443): Max retries exceeded with url: /PLTV/11/224/3221225739/index.m3u8 (Caused by SSLError(SSLError(1, '[SSL: SSLV3_ALERT_HANDSHAKE_FAILURE] sslv3 alert handshake failure (_ssl.c:1082)')))
[2026-09-29 01:47:28] ❌ HTTPS SSL错误: https://zby.130519.xyz/PLTV/11/224/3221226113/index.m3u8 | 错误: HTTPSConnectionPool(host='zby.130519.xyz', port=443): Max retries exceeded with url: /PLTV/11/224/3221226113/index.m3u8 (Caused by SSLError(SSLError(1, '[SSL: SSLV3_ALERT_HANDSHAKE_FAILURE] sslv3 alert handshake failure (_ssl.c:1082)')))
[2026-09-29 01:47:28] ❌ HTTPS SSL错误: https://zby.130519.xyz/PLTV/11/224/3221225733/index.m3u8 | 错误: HTTPSConnectionPool(host='zby.130519.xyz', port=443): Max retries exceeded with url: /PLTV/11/224/3221225733/index.m3u8 (Caused by SSLError(SSLError(1, '[SSL: SSLV3_ALERT_HANDSHAKE_FAILURE] sslv3 alert handshake failure (_ssl.c:1082)')))
[2026-09-29 01:47:28] ❌ HTTPS SSL错误: https://zby.130519.xyz/PLTV/11/224/3221225742/index.m3u8 | 错误: HTTPSConnectionPool(host='zby.130519.xyz', port=443): Max retries exceeded with url: /PLTV/11/224/3221225742/index.m3u8 (Caused by SSLError(SSLError(1, '[SSL: SSLV3_ALERT_HANDSHAKE_FAILURE] sslv3 alert handshake failure (_ssl.c:1082)')))
[2026-09-29 01:47:28] ❌ HTTPS SSL错误: https://zby.130519.xyz/PLTV/11/224/3221226107/index.m3u8 | 错误: HTTPSConnectionPool(host='zby.130519.xyz', port=443): Max retries exceeded with url: /PLTV/11/224/3221226107/index.m3u8 (Caused by SSLError(SSLError(1, '[SSL: SSLV3_ALERT_HANDSHAKE_FAILURE] sslv3 alert handshake failure (_ssl.c:1082)')))
[2026-09-29 01:47:29] ❌ HTTPS SSL错误: https://zby.130519.xyz/PLTV/11/224/3221225747/index.m3u8 | 错误: HTTPSConnectionPool(host='zby.130519.xyz', port=443): Max retries exceeded with url: /PLTV/11/224/3221225747/index.m3u8 (Caused by SSLError(SSLError(1, '[SSL: SSLV3_ALERT_HANDSHAKE_FAILURE] sslv3 alert handshake failure (_ssl.c:1082)')))
[2026-09-29 01:47:29] ❌ HTTPS SSL错误: https://zby.130519.xyz/PLTV/11/224/3221226152/index.m3u8 | 错误: HTTPSConnectionPool(host='zby.130519.xyz', port=443): Max retries exceeded with url: /PLTV/11/224/3221226152/index.m3u8 (Caused by SSLError(SSLError(1, '[SSL: SSLV3_ALERT_HANDSHAKE_FAILURE] sslv3 alert handshake failure (_ssl.c:1082)')))
[2026-09-29 01:47:29] ❌ HTTPS SSL错误: https://zby.130519.xyz/PLTV/11/224/3221225740/index.m3u8 | 错误: HTTPSConnectionPool(host='zby.130519.xyz', port=443): Max retries exceeded with url: /PLTV/11/224/3221225740/index.m3u8 (Caused by SSLError(SSLError(1, '[SSL: SSLV3_ALERT_HANDSHAKE_FAILURE] sslv3 alert handshake failure (_ssl.c:1082)')))
[2026-09-29 01:47:29] ❌ HTTPS SSL错误: https://zby.130519.xyz/PLTV/11/224/3221226173/index.m3u8 | 错误: HTTPSConnectionPool(host='zby.130519.xyz', port=443): Max retries exceeded with url: /PLTV/11/224/3221226173/index.m3u8 (Caused by SSLError(SSLError(1, '[SSL: SSLV3_ALERT_HANDSHAKE_FAILURE] sslv3 alert handshake failure (_ssl.c:1082)')))
[2026-09-29 01:47:29] ❌ HTTPS SSL错误: https://zby.130519.xyz/PLTV/11/224/3221225729/index.m3u8 | 错误: HTTPSConnectionPool(host='zby.130519.xyz', port=443): Max retries exceeded with url: /PLTV/11/224/3221225729/index.m3u8 (Caused by SSLError(SSLError(1, '[SSL: SSLV3_ALERT_HANDSHAKE_FAILURE] sslv3 alert handshake failure (_ssl.c:1082)')))
[2026-09-29 01:47:29] ❌ HTTPS SSL错误: https://zby.130519.xyz/PLTV/11/224/3221226084/index.m3u8 | 错误: HTTPSConnectionPool(host='zby.130519.xyz', port=443): Max retries exceeded with url: /PLTV/11/224/3221226084/index.m3u8 (Caused by SSLError(SSLError(1, '[SSL: SSLV3_ALERT_HANDSHAKE_FAILURE] sslv3 alert handshake failure (_ssl.c:1082)')))
[2026-09-29 01:47:29] ❌ HTTPS SSL错误: https://zby.130519.xyz/PLTV/11/224/3221226132/index.m3u8 | 错误: HTTPSConnectionPool(host='zby.130519.xyz', port=443): Max retries exceeded with url: /PLTV/11/224/3221226132/index.m3u8 (Caused by SSLError(SSLError(1, '[SSL: SSLV3_ALERT_HANDSHAKE_FAILURE] sslv3 alert handshake failure (_ssl.c:1082)')))
[2026-09-29 01:47:29] ❌ HTTPS SSL错误: https://zby.130519.xyz/PLTV/11/224/3221226171/index.m3u8 | 错误: HTTPSConnectionPool(host='zby.130519.xyz', port=443): Max retries exceeded with url: /PLTV/11/224/3221226171/index.m3u8 (Caused by SSLError(SSLError(1, '[SSL: SSLV3_ALERT_HANDSHAKE_FAILURE] sslv3 alert handshake failure (_ssl.c:1082)')))
[2026-09-29 01:47:29] ❌ HTTPS SSL错误: https://zby.130519.xyz/PLTV/11/224/3221225745/index.m3u8 | 错误: HTTPSConnectionPool(host='zby.130519.xyz', port=443): Max retries exceeded with url: /PLTV/11/224/3221225745/index.m3u8 (Caused by SSLError(SSLError(1, '[SSL: SSLV3_ALERT_HANDSHAKE_FAILURE] sslv3 alert handshake failure (_ssl.c:1082)')))
[2026-09-29 01:47:29] ❌ HTTPS SSL错误: https://zby.130519.xyz/PLTV/11/224/3221226109/index.m3u8 | 错误: HTTPSConnectionPool(host='zby.130519.xyz', port=443): Max retries exceeded with url: /PLTV/11/224/3221226109/index.m3u8 (Caused by SSLError(SSLError(1, '[SSL: SSLV3_ALERT_HANDSHAKE_FAILURE] sslv3 alert handshake failure (_ssl.c:1082)')))
[2026-09-29 01:47:29] ❌ HTTPS SSL错误: https://zby.130519.xyz/PLTV/11/224/3221226154/index.m3u8 | 错误: HTTPSConnectionPool(host='zby.130519.xyz', port=443): Max retries exceeded with url: /PLTV/11/224/3221226154/index.m3u8 (Caused by SSLError(SSLError(1, '[SSL: SSLV3_ALERT_HANDSHAKE_FAILURE] sslv3 alert handshake failure (_ssl.c:1082)')))
[2026-09-29 01:47:29] ❌ HTTPS SSL错误: https://zby.130519.xyz/PLTV/11/224/3221226149/index.m3u8 | 错误: HTTPSConnectionPool(host='zby.130519.xyz', port=443): Max retries exceeded with url: /PLTV/11/224/3221226149/index.m3u8 (Caused by SSLError(SSLError(1, '[SSL: SSLV3_ALERT_HANDSHAKE_FAILURE] sslv3 alert handshake failure (_ssl.c:1082)')))
[2026-09-29 01:47:29] ❌ HTTPS SSL错误: https://zby.130519.xyz/PLTV/11/224/3221226090/index.m3u8 | 错误: HTTPSConnectionPool(host='zby.130519.xyz', port=443): Max retries exceeded with url: /PLTV/11/224/3221226090/index.m3u8 (Caused by SSLError(SSLError(1, '[SSL: SSLV3_ALERT_HANDSHAKE_FAILURE] sslv3 alert handshake failure (_ssl.c:1082)')))
[2026-09-29 01:47:29] ❌ HTTPS SSL错误: https://zby.130519.xyz/PLTV/11/224/3221225722/index.m3u8 | 错误: HTTPSConnectionPool(host='zby.130519.xyz', port=443): Max retries exceeded with url: /PLTV/11/224/3221225722/index.m3u8 (Caused by SSLError(SSLError(1, '[SSL: SSLV3_ALERT_HANDSHAKE_FAILURE] sslv3 alert handshake failure (_ssl.c:1082)')))
[2026-09-29 01:47:29] ❌ HTTPS SSL错误: https://zby.130519.xyz/PLTV/11/224/3221226105/index.m3u8 | 错误: HTTPSConnectionPool(host='zby.130519.xyz', port=443): Max retries exceeded with url: /PLTV/11/224/3221226105/index.m3u8 (Caused by SSLError(SSLError(1, '[SSL: SSLV3_ALERT_HANDSHAKE_FAILURE] sslv3 alert handshake failure (_ssl.c:1082)')))
[2026-09-29 01:47:29] ❌ HTTPS SSL错误: https://zby.130519.xyz/PLTV/11/224/3221225744/index.m3u8 | 错误: HTTPSConnectionPool(host='zby.130519.xyz', port=443): Max retries exceeded with url: /PLTV/11/224/3221225744/index.m3u8 (Caused by SSLError(SSLError(1, '[SSL: SSLV3_ALERT_HANDSHAKE_FAILURE] sslv3 alert handshake failure (_ssl.c:1082)')))
[2026-09-29 01:47:29] ❌ HTTPS SSL错误: https://zby.130519.xyz/PLTV/11/224/3221225737/index.m3u8 | 错误: HTTPSConnectionPool(host='zby.130519.xyz', port=443): Max retries exceeded with url: /PLTV/11/224/3221225737/index.m3u8 (Caused by SSLError(SSLError(1, '[SSL: SSLV3_ALERT_HANDSHAKE_FAILURE] sslv3 alert handshake failure (_ssl.c:1082)')))
[2026-09-29 01:47:30] ❌ HTTPS SSL错误: https://zby.130519.xyz/PLTV/11/224/3221226134/index.m3u8 | 错误: HTTPSConnectionPool(host='zby.130519.xyz', port=443): Max retries exceeded with url: /PLTV/11/224/3221226134/index.m3u8 (Caused by SSLError(SSLError(1, '[SSL: SSLV3_ALERT_HANDSHAKE_FAILURE] sslv3 alert handshake failure (_ssl.c:1082)')))
[2026-09-29 01:47:30] ❌ HTTPS SSL错误: https://zby.130519.xyz/PLTV/11/224/3221225771/index.m3u8 | 错误: HTTPSConnectionPool(host='zby.130519.xyz', port=443): Max retries exceeded with url: /PLTV/11/224/3221225771/index.m3u8 (Caused by SSLError(SSLError(1, '[SSL: SSLV3_ALERT_HANDSHAKE_FAILURE] sslv3 alert handshake failure (_ssl.c:1082)')))
[2026-09-29 01:47:30] ❌ HTTPS SSL错误: https://zby.130519.xyz/PLTV/11/224/3221225762/index.m3u8 | 错误: HTTPSConnectionPool(host='zby.130519.xyz', port=443): Max retries exceeded with url: /PLTV/11/224/3221225762/index.m3u8 (Caused by SSLError(SSLError(1, '[SSL: SSLV3_ALERT_HANDSHAKE_FAILURE] sslv3 alert handshake failure (_ssl.c:1082)')))
[2026-09-29 01:47:30] ❌ HTTPS SSL错误: https://zby.130519.xyz/PLTV/11/224/3221225749/index.m3u8 | 错误: HTTPSConnectionPool(host='zby.130519.xyz', port=443): Max retries exceeded with url: /PLTV/11/224/3221225749/index.m3u8 (Caused by SSLError(SSLError(1, '[SSL: SSLV3_ALERT_HANDSHAKE_FAILURE] sslv3 alert handshake failure (_ssl.c:1082)')))
[2026-09-29 01:47:30] ❌ HTTPS SSL错误: https://zby.130519.xyz/PLTV/11/224/3221225732/index.m3u8 | 错误: HTTPSConnectionPool(host='zby.130519.xyz', port=443): Max retries exceeded with url: /PLTV/11/224/3221225732/index.m3u8 (Caused by SSLError(SSLError(1, '[SSL: SSLV3_ALERT_HANDSHAKE_FAILURE] sslv3 alert handshake failure (_ssl.c:1082)')))
[2026-09-29 01:47:30] ❌ HTTPS SSL错误: https://zby.130519.xyz/PLTV/11/224/3221225748/index.m3u8 | 错误: HTTPSConnectionPool(host='zby.130519.xyz', port=443): Max retries exceeded with url: /PLTV/11/224/3221225748/index.m3u8 (Caused by SSLError(SSLError(1, '[SSL: SSLV3_ALERT_HANDSHAKE_FAILURE] sslv3 alert handshake failure (_ssl.c:1082)')))
[2026-09-29 01:47:30] ❌ HTTPS SSL错误: https://zby.130519.xyz/PLTV/11/224/3221226136/index.m3u8 | 错误: HTTPSConnectionPool(host='zby.130519.xyz', port=443): Max retries exceeded with url: /PLTV/11/224/3221226136/index.m3u8 (Caused by SSLError(SSLError(1, '[SSL: SSLV3_ALERT_HANDSHAKE_FAILURE] sslv3 alert handshake failure (_ssl.c:1082)')))
[2026-09-29 01:47:30] ❌ HTTPS SSL错误: https://zby.130519.xyz/PLTV/11/224/3221225994/index.m3u8 | 错误: HTTPSConnectionPool(host='zby.130519.xyz', port=443): Max retries exceeded with url: /PLTV/11/224/3221225994/index.m3u8 (Caused by SSLError(SSLError(1, '[SSL: SSLV3_ALERT_HANDSHAKE_FAILURE] sslv3 alert handshake failure (_ssl.c:1082)')))
[2026-09-29 01:47:30] ❌ HTTPS SSL错误: https://zby.130519.xyz/PLTV/11/224/3221225768/index.m3u8 | 错误: HTTPSConnectionPool(host='zby.130519.xyz', port=443): Max retries exceeded with url: /PLTV/11/224/3221225768/index.m3u8 (Caused by SSLError(SSLError(1, '[SSL: SSLV3_ALERT_HANDSHAKE_FAILURE] sslv3 alert handshake failure (_ssl.c:1082)')))
[2026-09-29 01:47:30] ❌ HTTPS SSL错误: https://zby.130519.xyz/PLTV/11/224/3221226117/index.m3u8 | 错误: HTTPSConnectionPool(host='zby.130519.xyz', port=443): Max retries exceeded with url: /PLTV/11/224/3221226117/index.m3u8 (Caused by SSLError(SSLError(1, '[SSL: SSLV3_ALERT_HANDSHAKE_FAILURE] sslv3 alert handshake failure (_ssl.c:1082)')))
[2026-09-29 01:47:30] ❌ HTTPS SSL错误: https://zby.130519.xyz/PLTV/11/224/3221226161/index.m3u8 | 错误: HTTPSConnectionPool(host='zby.130519.xyz', port=443): Max retries exceeded with url: /PLTV/11/224/3221226161/index.m3u8 (Caused by SSLError(SSLError(1, '[SSL: SSLV3_ALERT_HANDSHAKE_FAILURE] sslv3 alert handshake failure (_ssl.c:1082)')))
[2026-09-29 01:47:30] ❌ HTTPS SSL错误: https://zby.130519.xyz/PLTV/11/224/3221225764/index.m3u8 | 错误: HTTPSConnectionPool(host='zby.130519.xyz', port=443): Max retries exceeded with url: /PLTV/11/224/3221225764/index.m3u8 (Caused by SSLError(SSLError(1, '[SSL: SSLV3_ALERT_HANDSHAKE_FAILURE] sslv3 alert handshake failure (_ssl.c:1082)')))
[2026-09-29 01:47:30] ❌ HTTPS SSL错误: https://zby.130519.xyz/PLTV/11/224/3221226019/index.m3u8 | 错误: HTTPSConnectionPool(host='zby.130519.xyz', port=443): Max retries exceeded with url: /PLTV/11/224/3221226019/index.m3u8 (Caused by SSLError(SSLError(1, '[SSL: SSLV3_ALERT_HANDSHAKE_FAILURE] sslv3 alert handshake failure (_ssl.c:1082)')))
[2026-09-29 01:47:30] ❌ HTTPS SSL错误: https://zby.130519.xyz/PLTV/11/224/3221226157/index.m3u8 | 错误: HTTPSConnectionPool(host='zby.130519.xyz', port=443): Max retries exceeded with url: /PLTV/11/224/3221226157/index.m3u8 (Caused by SSLError(SSLError(1, '[SSL: SSLV3_ALERT_HANDSHAKE_FAILURE] sslv3 alert handshake failure (_ssl.c:1082)')))
[2026-09-29 01:47:30] ❌ HTTPS SSL错误: https://zby.130519.xyz/PLTV/11/224/3221226116/index.m3u8 | 错误: HTTPSConnectionPool(host='zby.130519.xyz', port=443): Max retries exceeded with url: /PLTV/11/224/3221226116/index.m3u8 (Caused by SSLError(SSLError(1, '[SSL: SSLV3_ALERT_HANDSHAKE_FAILURE] sslv3 alert handshake failure (_ssl.c:1082)')))
[2026-09-29 01:47:30] ❌ HTTPS SSL错误: https://zby.130519.xyz/PLTV/11/224/3221226118/index.m3u8 | 错误: HTTPSConnectionPool(host='zby.130519.xyz', port=443): Max retries exceeded with url: /PLTV/11/224/3221226118/index.m3u8 (Caused by SSLError(SSLError(1, '[SSL: SSLV3_ALERT_HANDSHAKE_FAILURE] sslv3 alert handshake failure (_ssl.c:1082)')))
[2026-09-29 01:47:30] ❌ HTTPS SSL错误: https://zby.130519.xyz/PLTV/11/224/3221226094/index.m3u8 | 错误: HTTPSConnectionPool(host='zby.130519.xyz', port=443): Max retries exceeded with url: /PLTV/11/224/3221226094/index.m3u8 (Caused by SSLError(SSLError(1, '[SSL: SSLV3_ALERT_HANDSHAKE_FAILURE] sslv3 alert handshake failure (_ssl.c:1082)')))
[2026-09-29 01:47:30] ❌ HTTPS SSL错误: https://zby.130519.xyz/PLTV/11/224/3221226139/index.m3u8 | 错误: HTTPSConnectionPool(host='zby.130519.xyz', port=443): Max retries exceeded with url: /PLTV/11/224/3221226139/index.m3u8 (Caused by SSLError(SSLError(1, '[SSL: SSLV3_ALERT_HANDSHAKE_FAILURE] sslv3 alert handshake failure (_ssl.c:1082)')))
[2026-09-29 01:47:30] ✅ HTTPS测速成功: https://0472.org/hls/cgtn.m3u8
   速度: 125.98KB/s | 数据量: 0.1KB | 总耗时: 0.12s | 证书: 有效
[2026-09-29 01:47:30] ✅ HTTPS测速成功: https://bcovlive-a.akamaihd.net/rce33d845cb9e42dfa302c7ac345f7858/ap-northeast-1/6282251407001/playlist.m3u8
   速度: 362.30KB/s | 数据量: 0.4KB | 总耗时: 0.18s | 证书: 有效
[2026-09-29 01:47:30] ✅ 通过阈值 HTTP测速: http://cdn3.163189.xyz/live/j1/stream.m3u8
   速度: 6302.73KB/s | 数据量: 6.3KB | 总耗时: 0.16s | 阈值: 300KB/s
[2026-09-29 01:47:30] RTMP检测异常: rtmp://f13h.mine.nu/sat/tv051 | [Errno 2] No such file or directory: 'ffmpeg'
[2026-09-29 01:47:30] RTMP检测异常: rtmp://f13h.mine.nu/sat/tv071 | [Errno 2] No such file or directory: 'ffmpeg'
[2026-09-29 01:47:30] RTMP检测异常: rtmp://f13h.mine.nu/sat/tv091 | [Errno 2] No such file or directory: 'ffmpeg'
[2026-09-29 01:47:30] RTMP检测异常: rtmp://f13h.mine.nu/sat/tv111 | [Errno 2] No such file or directory: 'ffmpeg'
[2026-09-29 01:47:30] RTMP检测异常: rtmp://f13h.mine.nu/sat/tv581 | [Errno 2] No such file or directory: 'ffmpeg'
[2026-09-29 01:47:30] RTMP检测异常: rtmp://f13h.mine.nu/sat/tv331 | [Errno 2] No such file or directory: 'ffmpeg'
[2026-09-29 01:47:30] RTMP检测异常: rtmp://f13h.mine.nu/sat/tv761 | [Errno 2] No such file or directory: 'ffmpeg'
[2026-09-29 01:47:30] RTMP检测异常: rtmp://f13h.mine.nu/sat/tv771 | [Errno 2] No such file or directory: 'ffmpeg'
[2026-09-29 01:47:30] RTMP检测异常: rtmp://f13h.mine.nu/sat/tv721 | [Errno 2] No such file or directory: 'ffmpeg'
[2026-09-29 01:47:30] RTMP检测异常: rtmp://f13h.mine.nu/sat/tv701 | [Errno 2] No such file or directory: 'ffmpeg'
[2026-09-29 01:47:30] 🚫 未达阈值 HTTP测速: http://101.35.240.114:88/phenix.php?id=fhzw
   速度: 142.58KB/s | 数据量: 0.1KB | 总耗时: 0.49s | 阈值: 300KB/s
[2026-09-29 01:47:30] ✅ HTTPS测速成功: https://other.ottiptv.cc/cwjd.m3u8
   速度: 6258.79KB/s | 数据量: 6.3KB | 总耗时: 0.42s | 证书: 有效
[2026-09-29 01:47:30] 🚫 未达阈值 HTTP测速: http://live-hls.macaulotustv.com/lotustv/macaulotustv.m3u8
   速度: 165.04KB/s | 数据量: 0.2KB | 总耗时: 0.44s | 阈值: 300KB/s
[2026-09-29 01:47:30] 🚫 未达阈值 HTTP测速: http://101.35.240.114:88/brtv8k.php
   速度: 142.58KB/s | 数据量: 0.1KB | 总耗时: 0.52s | 阈值: 300KB/s
[2026-09-29 01:47:31] ✅ HTTPS测速成功: https://cdn5.163189.xyz/live/rthk31/stream.m3u8
   速度: 2836.91KB/s | 数据量: 2.8KB | 总耗时: 0.22s | 证书: 有效
[2026-09-29 01:47:31] RTMP检测异常: rtmp://f13h.mine.nu/sat/tv731 | [Errno 2] No such file or directory: 'ffmpeg'
[2026-09-29 01:47:31] RTMP检测异常: rtmp://f13h.mine.nu/sat/tv741 | [Errno 2] No such file or directory: 'ffmpeg'
[2026-09-29 01:47:31] ✅ HTTPS测速成功: https://cdn5.163189.xyz/live/rthk32/stream.m3u8
   速度: 2836.91KB/s | 数据量: 2.8KB | 总耗时: 0.22s | 证书: 有效
[2026-09-29 01:47:31] 🚫 未达阈值 HTTP测速: http://61.216.67.119:1935/TWHG/E1/chunklist_w705811302.m3u8
   速度: 0.00KB/s | 数据量: 0.0KB | 总耗时: 0.37s | 阈值: 300KB/s
[2026-09-29 01:47:31] ❌ HTTPS SSL错误: https://live.tvfix.org/live/mydy/index.m3u8 | 错误: HTTPSConnectionPool(host='live.tvfix.org', port=443): Max retries exceeded with url: /live/mydy/index.m3u8 (Caused by SSLError(SSLEOFError(8, '[SSL: UNEXPECTED_EOF_WHILE_READING] EOF occurred in violation of protocol (_ssl.c:1082)')))
[2026-09-29 01:47:31] ✅ HTTPS测速成功: https://pulltv1.wanfudaluye.com/live/tv1.m3u8
   速度: 0.00KB/s | 数据量: 0.0KB | 总耗时: 0.12s | 证书: 有效
[2026-09-29 01:47:31] ✅ HTTPS测速成功: https://live.tvfix.org/live/cmc/index.m3u8
   速度: 0.00KB/s | 数据量: 0.0KB | 总耗时: 0.76s | 证书: 无效
[2026-09-29 01:47:31] ✅ HTTPS测速成功: https://pulltv2.wanfudaluye.com/live/tv2.m3u8
   速度: 0.00KB/s | 数据量: 0.0KB | 总耗时: 0.13s | 证书: 有效
[2026-09-29 01:47:32] 🚫 未达阈值 HTTP测速: http://tv.pull.hebtv.com/jishi/shaoerkejiao.m3u8?t=2510710360&k=4ff4446adf3cce3de40dd013255b38b2
   速度: 35.16KB/s | 数据量: 0.0KB | 总耗时: 0.99s | 阈值: 300KB/s
[2026-09-29 01:47:32] ✅ 通过阈值 HTTP测速: http://cdn9.163189.xyz/live/as/stream.m3u8
   速度: 7019.53KB/s | 数据量: 7.0KB | 总耗时: 2.37s | 阈值: 300KB/s
[2026-09-29 01:47:32] ✅ 通过阈值 HTTP测速: http://cdn9.163189.xyz/smt3.1.1.php?id=Tvbclassic
   速度: 7019.53KB/s | 数据量: 7.0KB | 总耗时: 2.07s | 阈值: 300KB/s
[2026-09-29 01:47:32] 🚫 未达阈值 HTTP测速: http://www.goodiptv.club/douyu/747764
   速度: 0.00KB/s | 数据量: 0.0KB | 总耗时: 1.56s | 阈值: 300KB/s
[2026-09-29 01:47:34] ✅ HTTPS测速成功: https://vip.ffzy-play.com/20221018/1951_47e1adc8/index.m3u8
   速度: 396.48KB/s | 数据量: 0.4KB | 总耗时: 1.73s | 证书: 有效
[2026-09-29 01:47:34] ✅ HTTPS测速成功: https://vip.ffzy-play.com/20221018/1953_2d6ba500/index.m3u8
   速度: 396.48KB/s | 数据量: 0.4KB | 总耗时: 1.74s | 证书: 有效
[2026-09-29 01:47:34] ✅ HTTPS测速成功: https://livestream-bt.nmtv.cn/nmtv/2318general.m3u8?txSecret=a2c948908728a0733cecbe1fadea23dc&txTime=771E8800
   速度: 0.00KB/s | 数据量: 0.0KB | 总耗时: 1.14s | 证书: 有效
[2026-09-29 01:47:34] ✅ HTTPS测速成功: https://vip.ffzy-play7.com/20230112/11082_fde1a94d/index.m3u8
   速度: 396.48KB/s | 数据量: 0.4KB | 总耗时: 1.70s | 证书: 有效
[2026-09-29 01:47:34] ✅ HTTPS测速成功: https://vip.ffzy-online.com/20221015/719_80ff87c2/index.m3u8
   速度: 396.48KB/s | 数据量: 0.4KB | 总耗时: 1.61s | 证书: 有效
[2026-09-29 01:47:35] ✅ HTTPS测速成功: https://hsplay-360.v.btime.com/live_btime/btv_sn_20170706_s2/index.m3u8?time=1742954441&sign=36eca1b00f7de9e79ecc4449bcaa35d5
   速度: 146.48KB/s | 数据量: 0.1KB | 总耗时: 0.41s | 证书: 有效
[2026-09-29 01:47:35] ✅ HTTPS测速成功: https://hsplay-360.v.btime.com/live_btime/btv_sn_20170706_s4/index.m3u8?time=1742954511&sign=5241ba5667bd08639fd195ea9db6da5a
   速度: 146.48KB/s | 数据量: 0.1KB | 总耗时: 0.41s | 证书: 有效
[2026-09-29 01:47:35] ✅ HTTPS测速成功: https://vip.ffzy-online.com/20221015/722_e32c42bc/index.m3u8
   速度: 396.48KB/s | 数据量: 0.4KB | 总耗时: 2.08s | 证书: 有效
[2026-09-29 01:47:35] ✅ HTTPS测速成功: https://vip.ffzy-play1.com/20221018/478_c3afed66/index.m3u8
   速度: 396.48KB/s | 数据量: 0.4KB | 总耗时: 1.55s | 证书: 有效
[2026-09-29 01:47:35] ✅ HTTPS测速成功: https://vip.ffzy-play6.com/20221019/157_bf0740ee/index.m3u8
   速度: 396.48KB/s | 数据量: 0.4KB | 总耗时: 1.54s | 证书: 有效
[2026-09-29 01:47:36] ✅ 通过阈值 HTTP测速: http://p2.vzan.com/527645544/149039617847513156/live.m3u8
   速度: 591.80KB/s | 数据量: 0.6KB | 总耗时: 0.88s | 阈值: 300KB/s
[2026-09-29 01:47:36] RTMP检测异常: rtmp://tv.mcrm.org.cn:1935/channellive/tv01 | [Errno 2] No such file or directory: 'ffmpeg'
[2026-09-29 01:47:36] 🚫 未达阈值 HTTP测速: http://pili-live-hls.ybcxjd.com/jdh-live/2108111201035597.m3u8?zsicd
   速度: 150.39KB/s | 数据量: 0.2KB | 总耗时: 0.71s | 阈值: 300KB/s
[2026-09-29 01:47:36] 🚫 未达阈值 HTTP测速: http://tvfile.lzgbdst.com/nmip-media/channellive/channel106876/playlist.m3u8?zsicd
   速度: 174.80KB/s | 数据量: 0.2KB | 总耗时: 0.77s | 阈值: 300KB/s
[2026-09-29 01:47:36] RTMP检测异常: rtmp://tv.yunxya.com:1937/channellive/shimian | [Errno 2] No such file or directory: 'ffmpeg'
[2026-09-29 01:47:36] 🚫 未达阈值 HTTP测速: http://8.138.7.223/tv/api.php?id=hnws4k
   速度: 140.17KB/s | 数据量: 1024.0KB | 总耗时: 11.78s | 阈值: 300KB/s
[2026-09-29 01:47:36] 🚫 未达阈值 HTTP测速: http://live.wanyuannews.com/wytv/hd/live.m3u8?zsicd
   速度: 0.00KB/s | 数据量: 0.0KB | 总耗时: 0.93s | 阈值: 300KB/s
[2026-09-29 01:47:36] 🚫 未达阈值 HTTP测速: http://dassby.qqff.top:99/live/辽宁公共/index.m3u8
   速度: 152.34KB/s | 数据量: 0.2KB | 总耗时: 0.56s | 阈值: 300KB/s
[2026-09-29 01:47:36] ✅ HTTPS测速成功: https://vip.ffzy-play7.com/20230116/11563_b9f44814/index.m3u8
   速度: 396.48KB/s | 数据量: 0.4KB | 总耗时: 1.52s | 证书: 有效
[2026-09-29 01:47:37] 🚫 未达阈值 HTTP测速: http://tvfile.swrmt.com:80/nmip-media/channellive/channel100064/playlist.m3u8
   速度: 146.48KB/s | 数据量: 0.1KB | 总耗时: 1.10s | 阈值: 300KB/s
[2026-09-29 01:47:37] ✅ HTTPS测速成功: https://ali-m-l.cztv.com/channels/lantian/channel012/1080p.m3u8
   速度: 291.99KB/s | 数据量: 0.3KB | 总耗时: 0.93s | 证书: 有效
[2026-09-29 01:47:37] 🚫 未达阈值 HTTP测速: http://dassby.qqff.top:99/live/辽宁生活/index.m3u8
   速度: 152.34KB/s | 数据量: 0.2KB | 总耗时: 0.78s | 阈值: 300KB/s
[2026-09-29 01:47:37] ✅ HTTPS测速成功: https://ali-m-l.cztv.com/channels/lantian/channel003/1080p.m3u8
   速度: 291.99KB/s | 数据量: 0.3KB | 总耗时: 0.95s | 证书: 有效
[2026-09-29 01:47:37] 🚫 未达阈值 HTTP测速: http://dassby.qqff.top:99/live/辽宁北方/index.m3u8
   速度: 152.34KB/s | 数据量: 0.2KB | 总耗时: 0.82s | 阈值: 300KB/s
[2026-09-29 01:47:37] 🚫 未达阈值 HTTP测速: http://dassby.qqff.top:99/live/辽宁都市/index.m3u8
   速度: 152.34KB/s | 数据量: 0.2KB | 总耗时: 0.59s | 阈值: 300KB/s
[2026-09-29 01:47:37] 🚫 未达阈值 HTTP测速: http://dassby.qqff.top:99/live/辽宁经济/index.m3u8
   速度: 153.32KB/s | 数据量: 0.2KB | 总耗时: 0.61s | 阈值: 300KB/s
[2026-09-29 01:47:37] 🚫 未达阈值 HTTP测速: http://cnpull.sccnfb.com:80/live/123456.m3u8
   速度: 35.16KB/s | 数据量: 0.0KB | 总耗时: 1.31s | 阈值: 300KB/s
[2026-09-29 01:47:37] ✅ HTTPS测速成功: https://pili-live-hls.wdit.com.cn/wditlive/c038f4fafbdf4f97ba74c74ad67259b931ee.m3u8
   速度: 206.05KB/s | 数据量: 0.2KB | 总耗时: 0.36s | 证书: 有效
[2026-09-29 01:47:37] ✅ 通过阈值 HTTP测速: http://120.76.248.139/live/bfgd/4200000077.m3u8
   速度: 862.30KB/s | 数据量: 0.9KB | 总耗时: 0.63s | 阈值: 300KB/s
[2026-09-29 01:47:37] ✅ 通过阈值 HTTP测速: http://120.76.248.139/live/bfgd/4200000076.m3u8
   速度: 861.33KB/s | 数据量: 0.9KB | 总耗时: 0.64s | 阈值: 300KB/s
[2026-09-29 01:47:38] 🚫 未达阈值 HTTP测速: http://tv.pull.hebtv.com/jishi/weishipindao.m3u8?t=2510710360&k=3d44740039027301acf8341d7361ab59
   速度: 35.16KB/s | 数据量: 0.0KB | 总耗时: 0.50s | 阈值: 300KB/s
[2026-09-29 01:47:38] ✅ 通过阈值 HTTP测速: http://120.76.248.139/live/bfgd/4200000610.m3u8
   速度: 858.40KB/s | 数据量: 0.9KB | 总耗时: 1.30s | 阈值: 300KB/s
[2026-09-29 01:47:39] ✅ 通过阈值 HTTP测速: http://jwplay.hebyun.com.cn/live/xtsrmtzs/1500k/tzwj_video.m3u8
   速度: 526.37KB/s | 数据量: 0.5KB | 总耗时: 1.17s | 阈值: 300KB/s
[2026-09-29 01:47:40] 🚫 未达阈值 HTTP测速: http://www.cdnstv.com:6398/hls/1120/index.m3u
   速度: 158.20KB/s | 数据量: 0.2KB | 总耗时: 2.31s | 阈值: 300KB/s
[2026-09-29 01:47:40] 🚫 未达阈值 HTTP测速: http://www.cdnstv.com:6398/hls/1113/index.m3u8
   速度: 158.20KB/s | 数据量: 0.2KB | 总耗时: 2.49s | 阈值: 300KB/s
[2026-09-29 01:47:40] 🚫 未达阈值 HTTP测速: http://www.cdnstv.com:6398/hls/1114/index.m3u8
   速度: 158.20KB/s | 数据量: 0.2KB | 总耗时: 2.79s | 阈值: 300KB/s
[2026-09-29 01:47:40] 🚫 未达阈值 HTTP测速: http://www.cdnstv.com:6398/hls/1119/index.m3u8
   速度: 158.20KB/s | 数据量: 0.2KB | 总耗时: 2.61s | 阈值: 300KB/s
[2026-09-29 01:47:40] 🚫 未达阈值 HTTP测速: http://www.cdnstv.com:6398/hls/1116/index.m3u8
   速度: 158.20KB/s | 数据量: 0.2KB | 总耗时: 2.77s | 阈值: 300KB/s
[2026-09-29 01:47:40] 🚫 未达阈值 HTTP测速: http://www.cdnstv.com:6398/hls/1118/index.m3u8
   速度: 158.20KB/s | 数据量: 0.2KB | 总耗时: 2.49s | 阈值: 300KB/s
[2026-09-29 01:47:40] 🚫 未达阈值 HTTP测速: http://www.cdnstv.com:6398/hls/1112/index.m3u8
   速度: 158.20KB/s | 数据量: 0.2KB | 总耗时: 2.61s | 阈值: 300KB/s
[2026-09-29 01:47:40] 🚫 未达阈值 HTTP测速: http://8.138.7.223/tv/fjtv1.php?id=dnws
   速度: 0.00KB/s | 数据量: 0.0KB | 总耗时: 0.60s | 阈值: 300KB/s
[2026-09-29 01:47:40] ✅ HTTPS测速成功: https://jwcdnqx.hebyun.com.cn/live/luquanyi/1500k/tzwj_video.m3u8
   速度: 149.41KB/s | 数据量: 0.1KB | 总耗时: 0.96s | 证书: 有效
[2026-09-29 01:47:40] ✅ 通过阈值 HTTP测速: http://p8.vzan.com/slowlive/034028687228317362/live.m3u8
   速度: 593.75KB/s | 数据量: 0.6KB | 总耗时: 0.70s | 阈值: 300KB/s
[2026-09-29 01:47:40] ✅ HTTPS测速成功: https://jwcdnqx.hebyun.com.cn/live/luquaner/1500k/tzwj_video.m3u8
   速度: 149.41KB/s | 数据量: 0.1KB | 总耗时: 0.87s | 证书: 有效
[2026-09-29 01:47:42] ✅ HTTPS测速成功: https://livestream-bt.nmtv.cn/nmtv/2317general.m3u8?txSecret=112b2c4c872de52b0f37aff6ead63ef0&txTime=771E8800
   速度: 0.00KB/s | 数据量: 0.0KB | 总耗时: 1.31s | 证书: 有效
[2026-09-29 01:47:42] ✅ HTTPS测速成功: https://livestream-bt.nmtv.cn/nmtv/2316general.m3u8?txSecret=b4373417a82ed64e52b0982a66da8df2&txTime=771E8800
   速度: 0.00KB/s | 数据量: 0.0KB | 总耗时: 1.26s | 证书: 有效
[2026-09-29 01:47:42] ✅ HTTPS测速成功: https://livestream-bt.nmtv.cn/nmtv/2319general.m3u8?txSecret=c7b5c515d2bb6df442492d54955329a3&txTime=771E8800
   速度: 0.00KB/s | 数据量: 0.0KB | 总耗时: 1.30s | 证书: 有效
[2026-09-29 01:47:42] ✅ HTTPS测速成功: https://livestream-bt.nmtv.cn/nmtv/2358general.m3u8?txSecret=98390a77c143a68f0fd64bfe6e181dcb&txTime=771E8800
   速度: 0.00KB/s | 数据量: 0.0KB | 总耗时: 0.88s | 证书: 有效
[2026-09-29 01:47:42] ✅ HTTPS测速成功: https://livestream-bt.nmtv.cn/nmtv/2320general.m3u8?txSecret=4d368a175afa19737a9f5be10af24fe2&txTime=771E8800
   速度: 0.00KB/s | 数据量: 0.0KB | 总耗时: 1.31s | 证书: 有效
[2026-09-29 01:47:42] ✅ HTTPS测速成功: https://livestream-bt.nmtv.cn/nmtv/2315general.m3u8?txSecret=4971666599ef9411629213c9a300bf66&txTime=771EF880
   速度: 0.00KB/s | 数据量: 0.0KB | 总耗时: 1.30s | 证书: 有效
[2026-09-29 01:47:42] ✅ HTTPS测速成功: https://livestream-bt.nmtv.cn/nmtv/2349general.m3u8?txSecret=e44477052aba305cadeea45aaf1c674a&txTime=771E8800
   速度: 0.00KB/s | 数据量: 0.0KB | 总耗时: 0.90s | 证书: 有效
[2026-09-29 01:47:42] ✅ HTTPS测速成功: https://livestream-bt.nmtv.cn/nmtv/2331general.m3u8?txSecret=4d7342ca5cd74480526ab6d292247aff&txTime=771E8800
   速度: 0.00KB/s | 数据量: 0.0KB | 总耗时: 1.23s | 证书: 有效
[2026-09-29 01:47:42] ✅ HTTPS测速成功: https://livestream-bt.nmtv.cn/nmtv/2321general.m3u8?txSecret=d9d0fd7a252ef56b515c46a2e21830f4&txTime=771E8800
   速度: 0.00KB/s | 数据量: 0.0KB | 总耗时: 1.28s | 证书: 有效
[2026-09-29 01:47:43] ✅ HTTPS测速成功: https://livestream-bt.nmtv.cn/nmtv/2348general.m3u8?txSecret=6a4ddce077e41b976fe33619fbef2b30&txTime=771E8800
   速度: 0.00KB/s | 数据量: 0.0KB | 总耗时: 0.80s | 证书: 有效
[2026-09-29 01:47:44] ✅ HTTPS测速成功: https://livestream-bt.nmtv.cn/nmtv/2351general.m3u8?txSecret=8857087aeec2cec44d178a18550fdb8a&txTime=771E8800
   速度: 0.00KB/s | 数据量: 0.0KB | 总耗时: 0.96s | 证书: 有效
[2026-09-29 01:47:44] ✅ HTTPS测速成功: https://livestream-bt.nmtv.cn/nmtv/2354general.m3u8?txSecret=cf5f71d0000862b18f5813607b3dfd5b&txTime=771E8800
   速度: 0.00KB/s | 数据量: 0.0KB | 总耗时: 1.19s | 证书: 有效
[2026-09-29 01:47:44] 🚫 未达阈值 HTTP测速: http://liveflash.sxrtv.com/live/sxfilm.m3u8?sub_m3u8=true&edge_slice=true
   速度: 0.00KB/s | 数据量: 0.0KB | 总耗时: 2.05s | 阈值: 300KB/s
[2026-09-29 01:47:44] 🚫 未达阈值 HTTP测速: http://liveflash.sxrtv.com/live/sxedu.m3u8?sub_m3u8=true&edge_slice=true
   速度: 0.00KB/s | 数据量: 0.0KB | 总耗时: 2.03s | 阈值: 300KB/s
[2026-09-29 01:47:44] 🚫 未达阈值 HTTP测速: http://liveflash.sxrtv.com/live/sxpublic.m3u8?sub_m3u8=true&edge_slice=true
   速度: 0.00KB/s | 数据量: 0.0KB | 总耗时: 1.70s | 阈值: 300KB/s
[2026-09-29 01:47:44] 🚫 未达阈值 HTTP测速: http://liveflash.sxrtv.com/live/huanghe.m3u8?sub_m3u8=true&edge_slice=true
   速度: 0.00KB/s | 数据量: 0.0KB | 总耗时: 2.08s | 阈值: 300KB/s
[2026-09-29 01:47:44] 🚫 未达阈值 HTTP测速: http://liveflash.sxrtv.com/live/sxfinance.m3u8?sub_m3u8=true&edge_slice=true
   速度: 0.00KB/s | 数据量: 0.0KB | 总耗时: 2.08s | 阈值: 300KB/s
[2026-09-29 01:47:45] ✅ HTTPS测速成功: https://hls.gstv.com.cn/49048r/l54391.m3u8
   速度: 146.48KB/s | 数据量: 0.1KB | 总耗时: 0.80s | 证书: 有效
[2026-09-29 01:47:45] ✅ HTTPS测速成功: https://pili-live-hls-sjxgz2024.sobeylive.com/jxgz2024/396_q_live172526335287668.m3u8
   速度: 150.39KB/s | 数据量: 0.2KB | 总耗时: 0.73s | 证书: 无效
[2026-09-29 01:47:45] ✅ HTTPS测速成功: https://pili-live-hls-sjxgz2024.sobeylive.com/jxgz2024/396_q_live172526329228525.m3u8
   速度: 150.39KB/s | 数据量: 0.2KB | 总耗时: 0.73s | 证书: 无效
[2026-09-29 01:47:46] ✅ 通过阈值 HTTP测速: http://fl2.moveonjoy.com/BBC_WORLD_NEWS/index.m3u8
   速度: 1120.12KB/s | 数据量: 1.1KB | 总耗时: 0.15s | 阈值: 300KB/s
[2026-09-29 01:47:46] 🚫 未达阈值 HTTP测速: http://play-live-hls.jxtvcn.com.cn/live/tv_ganzhou.m3u8
   速度: 0.00KB/s | 数据量: 0.0KB | 总耗时: 1.67s | 阈值: 300KB/s
[2026-09-29 01:47:46] ✅ HTTPS测速成功: https://pili-live-hls-sjxgz2024.sobeylive.com/jxgz2024/396_q_live172526334096251.m3u8
   速度: 150.39KB/s | 数据量: 0.2KB | 总耗时: 0.88s | 证书: 无效
[2026-09-29 01:47:46] ✅ HTTPS测速成功: https://svipsvip.ffzyread1.com/20250129/35458_c988286f/index.m3u8
   速度: 396.48KB/s | 数据量: 0.4KB | 总耗时: 1.53s | 证书: 有效
[2026-09-29 01:47:46] ✅ HTTPS测速成功: https://jmp2.uk/sam-GBBD8000016N.m3u8
   速度: 142.58KB/s | 数据量: 0.1KB | 总耗时: 0.69s | 证书: 有效
[2026-09-29 01:47:46] ✅ HTTPS测速成功: https://jmp2.uk/sam-GBBB1500004LG.m3u8
   速度: 142.58KB/s | 数据量: 0.1KB | 总耗时: 0.71s | 证书: 有效
[2026-09-29 01:47:46] ✅ HTTPS测速成功: https://i.mjh.nz/SamsungTVPlus/USBB52000022Q.m3u8
   速度: 142.58KB/s | 数据量: 0.1KB | 总耗时: 0.52s | 证书: 有效
[2026-09-29 01:47:46] ✅ HTTPS测速成功: https://jmp2.uk/sam-USBA300024TN.m3u8
   速度: 142.58KB/s | 数据量: 0.1KB | 总耗时: 0.72s | 证书: 有效
[2026-09-29 01:47:46] ❌ HTTPS SSL错误: https://tv-trtworld.live.trt.com.tr/master_1080.m3u8 | 错误: HTTPSConnectionPool(host='tv-trtworld.live.trt.com.tr', port=443): Max retries exceeded with url: /master_1080.m3u8 (Caused by SSLError(SSLError(1, '[SSL: SSLV3_ALERT_HANDSHAKE_FAILURE] sslv3 alert handshake failure (_ssl.c:1082)')))
[2026-09-29 01:47:47] ✅ HTTPS测速成功: https://kbsworld-ott.akamaized.net/hls/live/2002341/kbsworld/master.m3u8
   速度: 302.73KB/s | 数据量: 0.3KB | 总耗时: 0.06s | 证书: 有效
[2026-09-29 01:47:47] ✅ HTTPS测速成功: https://bcovlive-a.akamaihd.net/re8d9f611ee4a490a9bb59e52db91414d/us-east-1/734546207001/playlist.m3u8
   速度: 364.26KB/s | 数据量: 0.4KB | 总耗时: 0.08s | 证书: 有效
[2026-09-29 01:47:47] 🚫 未达阈值 HTTP测速: http://91.247.68.229:8000/play/Fashion/index.m3u8
   速度: 115.23KB/s | 数据量: 0.1KB | 总耗时: 0.31s | 阈值: 300KB/s
[2026-09-29 01:47:47] ✅ HTTPS测速成功: https://dikcfc9915kp8.cloudfront.net/hls/1080p/playlist.m3u8
   速度: 495.12KB/s | 数据量: 0.5KB | 总耗时: 0.37s | 证书: 有效
[2026-09-29 01:47:47] ✅ HTTPS测速成功: https://i.mjh.nz/SamsungTVPlus/GBBC900012J9.m3u8
   速度: 142.58KB/s | 数据量: 0.1KB | 总耗时: 0.52s | 证书: 有效
[2026-09-29 01:47:47] ✅ HTTPS测速成功: https://i.mjh.nz/SamsungTVPlus/USBD12000255B.m3u8
   速度: 142.58KB/s | 数据量: 0.1KB | 总耗时: 0.52s | 证书: 有效
[2026-09-29 01:47:47] ✅ HTTPS测速成功: https://i.mjh.nz/SamsungTVPlus/GBBB1600008R3.m3u8
   速度: 142.58KB/s | 数据量: 0.1KB | 总耗时: 0.52s | 证书: 有效
[2026-09-29 01:47:47] ✅ HTTPS测速成功: https://i.mjh.nz/SamsungTVPlus/USBD300003LK.m3u8
   速度: 142.58KB/s | 数据量: 0.1KB | 总耗时: 0.52s | 证书: 有效
[2026-09-29 01:47:47] ✅ HTTPS测速成功: https://i.mjh.nz/SamsungTVPlus/USBD300002TU.m3u8
   速度: 142.58KB/s | 数据量: 0.1KB | 总耗时: 0.51s | 证书: 有效
[2026-09-29 01:47:47] ✅ HTTPS测速成功: https://svip.high24-playback.com/20250129/17159_7bca93c4/2000k/hls/mixed.m3u8
   速度: 395.51KB/s | 数据量: 0.4KB | 总耗时: 1.49s | 证书: 有效
[2026-09-29 01:47:47] ✅ HTTPS测速成功: https://i.mjh.nz/SamsungTVPlus/GBBB5000002PL.m3u8
   速度: 142.58KB/s | 数据量: 0.1KB | 总耗时: 0.51s | 证书: 有效
[2026-09-29 01:47:48] ✅ HTTPS测速成功: https://i.mjh.nz/SamsungTVPlus/USBA3800005NI.m3u8
   速度: 142.58KB/s | 数据量: 0.1KB | 总耗时: 0.53s | 证书: 有效
[2026-09-29 01:47:48] ✅ HTTPS测速成功: https://i.mjh.nz/SamsungTVPlus/USAJ3504705A.m3u8
   速度: 142.58KB/s | 数据量: 0.1KB | 总耗时: 0.48s | 证书: 有效
[2026-09-29 01:47:48] ✅ HTTPS测速成功: https://i.mjh.nz/SamsungTVPlus/CABD1200002T9.m3u8
   速度: 142.58KB/s | 数据量: 0.1KB | 总耗时: 0.51s | 证书: 有效
[2026-09-29 01:47:48] ✅ HTTPS测速成功: https://i.mjh.nz/SamsungTVPlus/USBD17000117B.m3u8
   速度: 142.58KB/s | 数据量: 0.1KB | 总耗时: 0.47s | 证书: 有效
[2026-09-29 01:47:48] ✅ HTTPS测速成功: https://i.mjh.nz/SamsungTVPlus/GBBC4300005AL.m3u8
   速度: 142.58KB/s | 数据量: 0.1KB | 总耗时: 0.55s | 证书: 有效
[2026-09-29 01:47:48] ✅ HTTPS测速成功: https://i.mjh.nz/SamsungTVPlus/GBBD1100012JB.m3u8
   速度: 142.58KB/s | 数据量: 0.1KB | 总耗时: 0.52s | 证书: 有效
[2026-09-29 01:47:49] 🚫 未达阈值 HTTP测速: http://117.72.81.170:3000/608807420
   速度: 49.11KB/s | 数据量: 12.4KB | 总耗时: 1.03s | 阈值: 300KB/s
[2026-09-29 01:47:49] ✅ 通过阈值 HTTP测速: http://117.72.81.170:3000/641886683
   速度: 12394.53KB/s | 数据量: 12.4KB | 总耗时: 0.78s | 阈值: 300KB/s
[2026-09-29 01:47:49] 🚫 未达阈值 HTTP测速: http://117.72.81.170:3000/631780532
   速度: 49.83KB/s | 数据量: 12.4KB | 总耗时: 1.01s | 阈值: 300KB/s
[2026-09-29 01:47:49] 🚫 未达阈值 HTTP测速: http://117.72.81.170:3000/631780421
   速度: 50.44KB/s | 数据量: 12.4KB | 总耗时: 1.00s | 阈值: 300KB/s
[2026-09-29 01:47:49] 🚫 未达阈值 HTTP测速: http://117.72.81.170:3000/624878271
   速度: 48.41KB/s | 数据量: 12.4KB | 总耗时: 1.03s | 阈值: 300KB/s
[2026-09-29 01:47:49] ✅ 通过阈值 HTTP测速: http://117.72.81.170:3000/641886773
   速度: 12394.53KB/s | 数据量: 12.4KB | 总耗时: 0.79s | 阈值: 300KB/s
[2026-09-29 01:47:49] ✅ 通过阈值 HTTP测速: http://117.72.81.170:3000/624878396
   速度: 12394.53KB/s | 数据量: 12.4KB | 总耗时: 0.79s | 阈值: 300KB/s
[2026-09-29 01:47:50] ✅ 通过阈值 HTTP测速: http://117.72.81.170:3000/673168121
   速度: 12394.53KB/s | 数据量: 12.4KB | 总耗时: 0.75s | 阈值: 300KB/s
[2026-09-29 01:47:50] ✅ 通过阈值 HTTP测速: http://117.72.81.170:3000/624878356
   速度: 12394.53KB/s | 数据量: 12.4KB | 总耗时: 0.77s | 阈值: 300KB/s
[2026-09-29 01:47:50] ✅ 通过阈值 HTTP测速: http://117.72.81.170:3000/673168140
   速度: 12394.53KB/s | 数据量: 12.4KB | 总耗时: 0.75s | 阈值: 300KB/s
[2026-09-29 01:47:50] ✅ 通过阈值 HTTP测速: http://117.72.81.170:3000/624878405
   速度: 12394.53KB/s | 数据量: 12.4KB | 总耗时: 0.77s | 阈值: 300KB/s
[2026-09-29 01:47:50] ✅ 通过阈值 HTTP测速: http://117.72.81.170:3000/667987558
   速度: 12394.53KB/s | 数据量: 12.4KB | 总耗时: 0.78s | 阈值: 300KB/s
[2026-09-29 01:47:50] ✅ HTTPS测速成功: https://hls.gstv.com.cn/49048r/922k96.m3u8
   速度: 146.48KB/s | 数据量: 0.1KB | 总耗时: 13.00s | 证书: 有效
[2026-09-29 01:47:50] ✅ 通过阈值 HTTP测速: http://117.72.81.170:3000/673168185
   速度: 12394.53KB/s | 数据量: 12.4KB | 总耗时: 0.77s | 阈值: 300KB/s
[2026-09-29 01:47:50] ✅ 通过阈值 HTTP测速: http://117.72.81.170:3000/608807423
   速度: 12394.53KB/s | 数据量: 12.4KB | 总耗时: 0.78s | 阈值: 300KB/s
[2026-09-29 01:47:50] ✅ 通过阈值 HTTP测速: http://117.72.81.170:3000/624878440
   速度: 12394.53KB/s | 数据量: 12.4KB | 总耗时: 0.77s | 阈值: 300KB/s
[2026-09-29 01:47:50] ✅ 通过阈值 HTTP测速: http://117.72.81.170:3000/673168223
   速度: 12394.53KB/s | 数据量: 12.4KB | 总耗时: 0.78s | 阈值: 300KB/s
[2026-09-29 01:47:50] ✅ 通过阈值 HTTP测速: http://117.72.81.170:3000/673168256
   速度: 12394.53KB/s | 数据量: 12.4KB | 总耗时: 0.76s | 阈值: 300KB/s
[2026-09-29 01:47:50] ✅ 通过阈值 HTTP测速: http://117.72.81.170:3000/608807419
   速度: 12394.53KB/s | 数据量: 12.4KB | 总耗时: 0.79s | 阈值: 300KB/s
[2026-09-29 01:47:51] ✅ 通过阈值 HTTP测速: http://117.72.81.170:3000/608807416
   速度: 12394.53KB/s | 数据量: 12.4KB | 总耗时: 0.75s | 阈值: 300KB/s
[2026-09-29 01:47:51] ✅ 通过阈值 HTTP测速: http://117.72.81.170:3000/923287154
   速度: 12394.53KB/s | 数据量: 12.4KB | 总耗时: 0.77s | 阈值: 300KB/s
[2026-09-29 01:47:51] ✅ 通过阈值 HTTP测速: http://117.72.81.170:3000/923287211
   速度: 12394.53KB/s | 数据量: 12.4KB | 总耗时: 0.77s | 阈值: 300KB/s
[2026-09-29 01:47:51] ✅ 通过阈值 HTTP测速: http://117.72.81.170:3000/884121956
   速度: 12394.53KB/s | 数据量: 12.4KB | 总耗时: 0.75s | 阈值: 300KB/s
[2026-09-29 01:47:51] ✅ 通过阈值 HTTP测速: http://117.72.81.170:3000/923287339
   速度: 12394.53KB/s | 数据量: 12.4KB | 总耗时: 0.79s | 阈值: 300KB/s
[2026-09-29 01:47:51] ✅ 通过阈值 HTTP测速: http://117.72.81.170:3000/624878970
   速度: 12394.53KB/s | 数据量: 12.4KB | 总耗时: 0.79s | 阈值: 300KB/s
[2026-09-29 01:47:51] ✅ 通过阈值 HTTP测速: http://117.72.81.170:3000/708869532
   速度: 12394.53KB/s | 数据量: 12.4KB | 总耗时: 0.79s | 阈值: 300KB/s
[2026-09-29 01:47:51] ✅ 通过阈值 HTTP测速: http://117.72.81.170:3000/959986621
   速度: 12394.53KB/s | 数据量: 12.4KB | 总耗时: 0.78s | 阈值: 300KB/s
[2026-09-29 01:47:52] ✅ HTTPS测速成功: https://hls.gstv.com.cn/49048r/10iv1j.m3u8
   速度: 146.48KB/s | 数据量: 0.1KB | 总耗时: 3.87s | 证书: 有效
[2026-09-29 01:47:52] ✅ 通过阈值 HTTP测速: http://117.72.81.170:3000/609017205
   速度: 12394.53KB/s | 数据量: 12.4KB | 总耗时: 0.80s | 阈值: 300KB/s
[2026-09-29 01:47:52] ✅ 通过阈值 HTTP测速: http://117.72.81.170:3000/609006487
   速度: 12394.53KB/s | 数据量: 12.4KB | 总耗时: 0.77s | 阈值: 300KB/s
[2026-09-29 01:47:52] ✅ 通过阈值 HTTP测速: http://117.72.81.170:3000/609154345
   速度: 12394.53KB/s | 数据量: 12.4KB | 总耗时: 0.76s | 阈值: 300KB/s
[2026-09-29 01:47:52] ✅ 通过阈值 HTTP测速: http://117.72.81.170:3000/609006450
   速度: 12394.53KB/s | 数据量: 12.4KB | 总耗时: 0.77s | 阈值: 300KB/s
[2026-09-29 01:47:52] ✅ 通过阈值 HTTP测速: http://117.72.81.170:3000/609006446
   速度: 12394.53KB/s | 数据量: 12.4KB | 总耗时: 0.77s | 阈值: 300KB/s
[2026-09-29 01:47:52] ✅ 通过阈值 HTTP测速: http://117.72.81.170:3000/609006476
   速度: 12394.53KB/s | 数据量: 12.4KB | 总耗时: 0.81s | 阈值: 300KB/s
[2026-09-29 01:47:52] ✅ 通过阈值 HTTP测速: http://117.72.81.170:3000/651632648
   速度: 12394.53KB/s | 数据量: 12.4KB | 总耗时: 0.77s | 阈值: 300KB/s
[2026-09-29 01:47:52] ✅ 通过阈值 HTTP测速: http://117.72.81.170:3000/623899368
   速度: 12394.53KB/s | 数据量: 12.4KB | 总耗时: 0.79s | 阈值: 300KB/s
[2026-09-29 01:47:53] ✅ 通过阈值 HTTP测速: http://117.72.81.170:3000/630287636
   速度: 12394.53KB/s | 数据量: 12.4KB | 总耗时: 0.76s | 阈值: 300KB/s
[2026-09-29 01:47:53] ✅ 通过阈值 HTTP测速: http://117.72.81.170:3000/608831231
   速度: 12394.53KB/s | 数据量: 12.4KB | 总耗时: 0.78s | 阈值: 300KB/s
[2026-09-29 01:47:53] ✅ 通过阈值 HTTP测速: http://117.72.81.170:3000/630291707
   速度: 12394.53KB/s | 数据量: 12.4KB | 总耗时: 0.78s | 阈值: 300KB/s
[2026-09-29 01:47:53] ✅ 通过阈值 HTTP测速: http://117.72.81.170:3000/962042070
   速度: 12394.53KB/s | 数据量: 12.4KB | 总耗时: 0.78s | 阈值: 300KB/s
[2026-09-29 01:47:53] ✅ 通过阈值 HTTP测速: http://117.72.81.170:3000/783847495
   速度: 12394.53KB/s | 数据量: 12.4KB | 总耗时: 0.77s | 阈值: 300KB/s
[2026-09-29 01:47:53] ✅ 通过阈值 HTTP测速: http://117.72.81.170:3000/790187291
   速度: 12394.53KB/s | 数据量: 12.4KB | 总耗时: 0.78s | 阈值: 300KB/s
[2026-09-29 01:47:53] ✅ HTTPS测速成功: https://hls.gstv.com.cn/49048r/w1l6d5.m3u8
   速度: 146.48KB/s | 数据量: 0.1KB | 总耗时: 3.86s | 证书: 有效
[2026-09-29 01:47:53] ✅ 通过阈值 HTTP测速: http://117.72.81.170:3000/738910838
   速度: 12394.53KB/s | 数据量: 12.4KB | 总耗时: 0.78s | 阈值: 300KB/s
[2026-09-29 01:47:53] ✅ 通过阈值 HTTP测速: http://117.72.81.170:3000/608917627
   速度: 12394.53KB/s | 数据量: 12.4KB | 总耗时: 0.78s | 阈值: 300KB/s
[2026-09-29 01:47:53] ✅ 通过阈值 HTTP测速: http://117.72.81.170:3000/947472496
   速度: 12394.53KB/s | 数据量: 12.4KB | 总耗时: 0.77s | 阈值: 300KB/s
[2026-09-29 01:47:53] ✅ 通过阈值 HTTP测速: http://117.72.81.170:3000/947472500
   速度: 12394.53KB/s | 数据量: 12.4KB | 总耗时: 0.78s | 阈值: 300KB/s
[2026-09-29 01:47:53] ✅ 通过阈值 HTTP测速: http://117.72.81.170:3000/947472506
   速度: 12394.53KB/s | 数据量: 12.4KB | 总耗时: 0.77s | 阈值: 300KB/s
[2026-09-29 01:47:53] ✅ 通过阈值 HTTP测速: http://117.72.81.170:3000/849116810
   速度: 12287.03KB/s | 数据量: 12.4KB | 总耗时: 0.79s | 阈值: 300KB/s
[2026-09-29 01:47:53] ✅ 通过阈值 HTTP测速: http://117.72.81.170:3000/947472502
   速度: 12394.53KB/s | 数据量: 12.4KB | 总耗时: 0.78s | 阈值: 300KB/s
[2026-09-29 01:47:54] ✅ 通过阈值 HTTP测速: http://117.72.81.170:3000/849119120
   速度: 12394.53KB/s | 数据量: 12.4KB | 总耗时: 0.77s | 阈值: 300KB/s
[2026-09-29 01:47:54] ✅ 通过阈值 HTTP测速: http://117.72.81.170:3000/956904896
   速度: 12394.53KB/s | 数据量: 12.4KB | 总耗时: 0.78s | 阈值: 300KB/s
[2026-09-29 01:47:54] ✅ 通过阈值 HTTP测速: http://117.72.81.170:3000/956923145
   速度: 12394.53KB/s | 数据量: 12.4KB | 总耗时: 0.75s | 阈值: 300KB/s
[2026-09-29 01:47:54] ✅ 通过阈值 HTTP测速: http://117.72.81.170:3000/738910535
   速度: 12394.53KB/s | 数据量: 12.4KB | 总耗时: 0.76s | 阈值: 300KB/s
[2026-09-29 01:47:54] ✅ 通过阈值 HTTP测速: http://117.72.81.170:3000/738910914
   速度: 12394.53KB/s | 数据量: 12.4KB | 总耗时: 0.78s | 阈值: 300KB/s
[2026-09-29 01:47:54] ✅ 通过阈值 HTTP测速: http://117.72.81.170:3000/961023778
   速度: 12394.53KB/s | 数据量: 12.4KB | 总耗时: 0.78s | 阈值: 300KB/s
[2026-09-29 01:47:54] ✅ 通过阈值 HTTP测速: http://117.72.81.170:3000/609154353
   速度: 12394.53KB/s | 数据量: 12.4KB | 总耗时: 0.79s | 阈值: 300KB/s
[2026-09-29 01:47:54] ✅ 通过阈值 HTTP测速: http://117.72.81.170:3000/952383261
   速度: 12394.53KB/s | 数据量: 12.4KB | 总耗时: 0.78s | 阈值: 300KB/s
[2026-09-29 01:47:54] ✅ 通过阈值 HTTP测速: http://117.72.81.170:3000/644368714
   速度: 12394.53KB/s | 数据量: 12.4KB | 总耗时: 0.75s | 阈值: 300KB/s
[2026-09-29 01:47:54] ✅ 通过阈值 HTTP测速: http://117.72.81.170:3000/644368373
   速度: 12394.53KB/s | 数据量: 12.4KB | 总耗时: 0.78s | 阈值: 300KB/s
[2026-09-29 01:47:54] ✅ HTTPS测速成功: https://hls.gstv.com.cn/49048r/3t5xyc.m3u8
   速度: 146.48KB/s | 数据量: 0.1KB | 总耗时: 0.79s | 证书: 有效
[2026-09-29 01:47:55] ✅ 通过阈值 HTTP测速: http://117.72.81.170:3000/617432318
   速度: 12394.53KB/s | 数据量: 12.4KB | 总耗时: 0.77s | 阈值: 300KB/s
[2026-09-29 01:47:55] ✅ 通过阈值 HTTP测速: http://117.72.81.170:3000/625703337
   速度: 12394.53KB/s | 数据量: 12.4KB | 总耗时: 0.77s | 阈值: 300KB/s
[2026-09-29 01:47:55] ✅ 通过阈值 HTTP测速: http://117.72.81.170:3000/619495952
   速度: 12394.53KB/s | 数据量: 12.4KB | 总耗时: 0.78s | 阈值: 300KB/s
[2026-09-29 01:47:55] ✅ 通过阈值 HTTP测速: http://117.72.81.170:3000/614961829
   速度: 12394.53KB/s | 数据量: 12.4KB | 总耗时: 0.77s | 阈值: 300KB/s
[2026-09-29 01:47:55] ✅ 通过阈值 HTTP测速: http://117.72.81.170:3000/961930369
   速度: 12394.53KB/s | 数据量: 12.4KB | 总耗时: 0.83s | 阈值: 300KB/s
[2026-09-29 01:47:55] ✅ 通过阈值 HTTP测速: http://117.72.81.170:3000/629942228
   速度: 12394.53KB/s | 数据量: 12.4KB | 总耗时: 0.79s | 阈值: 300KB/s
[2026-09-29 01:47:55] ✅ 通过阈值 HTTP测速: http://117.72.81.170:3000/651632657
   速度: 12394.53KB/s | 数据量: 12.4KB | 总耗时: 0.75s | 阈值: 300KB/s
[2026-09-29 01:47:55] ✅ 通过阈值 HTTP测速: http://117.72.81.170:3000/617290047
   速度: 12394.53KB/s | 数据量: 12.4KB | 总耗时: 0.78s | 阈值: 300KB/s
[2026-09-29 01:47:55] ✅ 通过阈值 HTTP测速: http://117.72.81.170:3000/608780988
   速度: 12394.53KB/s | 数据量: 12.4KB | 总耗时: 0.81s | 阈值: 300KB/s
[2026-09-29 01:47:55] ✅ 通过阈值 HTTP测速: http://117.72.81.170:3000/838109047
   速度: 12394.53KB/s | 数据量: 12.4KB | 总耗时: 0.79s | 阈值: 300KB/s
[2026-09-29 01:47:55] ✅ 通过阈值 HTTP测速: http://117.72.81.170:3000/838153729
   速度: 12394.53KB/s | 数据量: 12.4KB | 总耗时: 0.76s | 阈值: 300KB/s
[2026-09-29 01:47:55] ✅ 通过阈值 HTTP测速: http://117.72.81.170:3000/838151753
   速度: 12394.53KB/s | 数据量: 12.4KB | 总耗时: 0.78s | 阈值: 300KB/s
[2026-09-29 01:47:56] ✅ 通过阈值 HTTP测速: http://117.72.81.170:3000/626064707
   速度: 12394.53KB/s | 数据量: 12.4KB | 总耗时: 0.77s | 阈值: 300KB/s
[2026-09-29 01:47:56] ✅ 通过阈值 HTTP测速: http://117.72.81.170:3000/626064714
   速度: 12394.53KB/s | 数据量: 12.4KB | 总耗时: 0.76s | 阈值: 300KB/s
[2026-09-29 01:47:56] ✅ 通过阈值 HTTP测速: http://117.72.81.170:3000/628008321
   速度: 12394.53KB/s | 数据量: 12.4KB | 总耗时: 0.75s | 阈值: 300KB/s
[2026-09-29 01:47:56] ✅ 通过阈值 HTTP测速: http://117.72.81.170:3000/626064674
   速度: 12394.53KB/s | 数据量: 12.4KB | 总耗时: 0.77s | 阈值: 300KB/s
[2026-09-29 01:47:56] ✅ 通过阈值 HTTP测速: http://117.72.81.170:3000/626064697
   速度: 12394.53KB/s | 数据量: 12.4KB | 总耗时: 0.79s | 阈值: 300KB/s
[2026-09-29 01:47:56] ✅ 通过阈值 HTTP测速: http://117.72.81.170:3000/626065193
   速度: 12394.53KB/s | 数据量: 12.4KB | 总耗时: 0.78s | 阈值: 300KB/s
[2026-09-29 01:47:56] ✅ 通过阈值 HTTP测速: http://117.72.81.170:3000/626064693
   速度: 12394.53KB/s | 数据量: 12.4KB | 总耗时: 0.78s | 阈值: 300KB/s
[2026-09-29 01:47:56] ✅ 通过阈值 HTTP测速: http://117.72.81.170:3000/639731825
   速度: 12394.53KB/s | 数据量: 12.4KB | 总耗时: 0.76s | 阈值: 300KB/s
[2026-09-29 01:47:56] ✅ 通过阈值 HTTP测速: http://117.72.81.170:3000/639731818
   速度: 12394.53KB/s | 数据量: 12.4KB | 总耗时: 0.76s | 阈值: 300KB/s
[2026-09-29 01:47:56] ✅ 通过阈值 HTTP测速: http://117.72.81.170:3000/639731826
   速度: 11470.97KB/s | 数据量: 12.4KB | 总耗时: 0.78s | 阈值: 300KB/s
[2026-09-29 01:47:56] ✅ 通过阈值 HTTP测速: http://117.72.81.170:3000/639731715
   速度: 12394.53KB/s | 数据量: 12.4KB | 总耗时: 0.79s | 阈值: 300KB/s
[2026-09-29 01:47:56] ✅ 通过阈值 HTTP测速: http://117.72.81.170:3000/639731832
   速度: 12394.53KB/s | 数据量: 12.4KB | 总耗时: 0.75s | 阈值: 300KB/s
[2026-09-29 01:47:56] ✅ 通过阈值 HTTP测速: http://117.72.81.170:3000/639731747
   速度: 12394.53KB/s | 数据量: 12.4KB | 总耗时: 0.75s | 阈值: 300KB/s
[2026-09-29 01:47:57] ✅ 通过阈值 HTTP测速: http://117.72.81.170:3000/626064703
   速度: 12394.53KB/s | 数据量: 12.4KB | 总耗时: 0.77s | 阈值: 300KB/s
[2026-09-29 01:47:57] ✅ 通过阈值 HTTP测速: http://117.72.81.170:3000/955227979
   速度: 12394.53KB/s | 数据量: 12.4KB | 总耗时: 0.75s | 阈值: 300KB/s
[2026-09-29 01:47:57] ✅ 通过阈值 HTTP测速: http://117.72.81.170:3000/955227985
   速度: 12394.53KB/s | 数据量: 12.4KB | 总耗时: 0.76s | 阈值: 300KB/s
[2026-09-29 01:47:57] ✅ 通过阈值 HTTP测速: http://117.72.81.170:3000/955227996
   速度: 12394.53KB/s | 数据量: 12.4KB | 总耗时: 0.77s | 阈值: 300KB/s
[2026-09-29 01:47:57] ✅ 通过阈值 HTTP测速: http://117.72.81.170:3000/639737327
   速度: 12394.53KB/s | 数据量: 12.4KB | 总耗时: 0.78s | 阈值: 300KB/s
[2026-09-29 01:47:57] ✅ 通过阈值 HTTP测速: http://117.72.81.170:3000/956909362
   速度: 12394.53KB/s | 数据量: 12.4KB | 总耗时: 0.76s | 阈值: 300KB/s
[2026-09-29 01:47:57] ✅ 通过阈值 HTTP测速: http://117.72.81.170:3000/639731783
   速度: 12394.53KB/s | 数据量: 12.4KB | 总耗时: 0.78s | 阈值: 300KB/s
[2026-09-29 01:47:57] ✅ 通过阈值 HTTP测速: http://117.72.81.170:3000/956909358
   速度: 12394.53KB/s | 数据量: 12.4KB | 总耗时: 0.77s | 阈值: 300KB/s
[2026-09-29 01:47:57] ✅ 通过阈值 HTTP测速: http://117.72.81.170:3000/956909303
   速度: 12394.53KB/s | 数据量: 12.4KB | 总耗时: 0.79s | 阈值: 300KB/s
[2026-09-29 01:47:57] ✅ 通过阈值 HTTP测速: http://117.72.81.170:3000/956909289
   速度: 12394.53KB/s | 数据量: 12.4KB | 总耗时: 0.78s | 阈值: 300KB/s
[2026-09-29 01:47:57] ✅ 通过阈值 HTTP测速: http://117.72.81.170:3000/956909356
   速度: 12394.53KB/s | 数据量: 12.4KB | 总耗时: 0.77s | 阈值: 300KB/s
[2026-09-29 01:47:57] ✅ 通过阈值 HTTP测速: http://117.72.81.170:3000/614952364
   速度: 12394.53KB/s | 数据量: 12.4KB | 总耗时: 0.79s | 阈值: 300KB/s
[2026-09-29 01:47:57] ✅ 通过阈值 HTTP测速: http://117.72.81.170:3000/629942219
   速度: 12394.53KB/s | 数据量: 12.4KB | 总耗时: 0.75s | 阈值: 300KB/s
[2026-09-29 01:47:57] ✅ 通过阈值 HTTP测速: http://117.72.81.170:3000/961930269
   速度: 12394.53KB/s | 数据量: 12.4KB | 总耗时: 0.76s | 阈值: 300KB/s
[2026-09-29 01:47:58] ✅ 通过阈值 HTTP测速: http://117.72.81.170:3000/646596895
   速度: 12394.53KB/s | 数据量: 12.4KB | 总耗时: 0.78s | 阈值: 300KB/s
[2026-09-29 01:47:58] ✅ 通过阈值 HTTP测速: http://117.72.81.170:3000/637444975
   速度: 12394.53KB/s | 数据量: 12.4KB | 总耗时: 0.76s | 阈值: 300KB/s
[2026-09-29 01:47:58] ✅ 通过阈值 HTTP测速: http://117.72.81.170:3000/629943305
   速度: 12394.53KB/s | 数据量: 12.4KB | 总耗时: 0.78s | 阈值: 300KB/s
[2026-09-29 01:47:58] ✅ 通过阈值 HTTP测速: http://117.72.81.170:3000/915512915
   速度: 12394.53KB/s | 数据量: 12.4KB | 总耗时: 0.75s | 阈值: 300KB/s
[2026-09-29 01:47:58] ✅ 通过阈值 HTTP测速: http://117.72.81.170:3000/958475359
   速度: 12394.53KB/s | 数据量: 12.4KB | 总耗时: 0.76s | 阈值: 300KB/s
[2026-09-29 01:47:58] ✅ 通过阈值 HTTP测速: http://117.72.81.170:3000/961930263
   速度: 12394.53KB/s | 数据量: 12.4KB | 总耗时: 0.77s | 阈值: 300KB/s
[2026-09-29 01:47:58] ✅ 通过阈值 HTTP测速: http://117.72.81.170:3000/713591450
   速度: 12394.53KB/s | 数据量: 12.4KB | 总耗时: 0.80s | 阈值: 300KB/s
[2026-09-29 01:47:58] ✅ 通过阈值 HTTP测速: http://117.72.81.170:3000/713589837
   速度: 12394.53KB/s | 数据量: 12.4KB | 总耗时: 0.79s | 阈值: 300KB/s
[2026-09-29 01:47:58] ✅ 通过阈值 HTTP测速: http://117.72.81.170:3000/959986618
   速度: 12394.53KB/s | 数据量: 12.4KB | 总耗时: 0.79s | 阈值: 300KB/s
[2026-09-29 01:47:58] ✅ 通过阈值 HTTP测速: http://117.72.81.170:3000/958475356
   速度: 12394.53KB/s | 数据量: 12.4KB | 总耗时: 0.78s | 阈值: 300KB/s
